fund_code,fund_name,fund_family,share_class,fund_type,etf_symbol,etf_name,underlying_name,asset_class,mapping_score,mapping_confidence,mapping_method,etf_rows_valid,etf_median_amount_60d,executable
000008,嘉实中证500ETF联接A,嘉实中证500ETF联接,A,指数型-股票,159922,中证500ETF嘉实,中证500,equity_broad,100.0,HIGH,name_underlying_issuer_v1,3241,715010873.0,True
000051,华夏沪深300ETF联接A,华夏沪深300ETF联接,A,指数型-股票,510330,沪深300ETF华夏,沪深300,equity_broad,100.0,HIGH,name_underlying_issuer_v1,3278,907123265.0,True
000071,华夏恒生ETF联接A,华夏恒生ETF联接,A,指数型-海外股票,159920,恒生ETF华夏,恒生,overseas,100.0,HIGH,name_underlying_issuer_v1,3337,359807905.0,True
000075,华夏恒生ETF联接现汇,华夏恒生ETF联接现汇,,指数型-海外股票,159920,恒生ETF华夏,恒生,overseas,100.0,HIGH,name_underlying_issuer_v1,3337,359807905.0,True
000076,华夏恒生ETF联接现钞,华夏恒生ETF联接现钞,,指数型-海外股票,159920,恒生ETF华夏,恒生,overseas,100.0,HIGH,name_underlying_issuer_v1,3337,359807905.0,True
000216,华安黄金ETF联接A,华安黄金ETF联接,A,指数型-其他,518880,黄金ETF华安,黄金,commodity,100.0,HIGH,name_underlying_issuer_v1,3153,3149346554.0,True
000218,国泰黄金ETF联接A,国泰黄金ETF联接,A,指数型-其他,518800,黄金ETF国泰,黄金,commodity,100.0,HIGH,name_underlying_issuer_v1,3153,491387485.5,True
000248,汇添富中证主要消费ETF联接A,汇添富中证主要消费ETF联接,A,指数型-股票,159928,消费ETF汇添富,消费,equity_thematic,100.0,HIGH,name_underlying_issuer_v1,3118,315731886.0,True
000307,易方达黄金ETF联接A,易方达黄金ETF联接,A,指数型-其他,159934,黄金ETF易方达,黄金,commodity,100.0,HIGH,name_underlying_issuer_v1,3060,820085281.0,True
000373,华安中证细分医药ETF联接A,华安中证细分医药ETF联接,A,指数型-股票,512120,医药ETF华安,医药,equity_thematic,100.0,HIGH,name_underlying_issuer_v1,2632,12206605.0,True
000613,国寿安保沪深300ETF联接A,国寿安保沪深300ETF联接,A,指数型-股票,510380,沪深300ETF国寿,沪深300,equity_broad,100.0,HIGH,name_underlying_issuer_v1,1929,893691.0,True
000834,大成纳斯达克100ETF联接(QDII)A,大成纳斯达克100ETF联接,A,指数型-海外股票,159513,纳斯达克100ETF大成,纳斯达克100,overseas,100.0,HIGH,name_underlying_issuer_v1,719,178232818.0,True
000948,华夏沪港通恒生ETF联接A,华夏沪港通恒生ETF联接,A,指数型-股票,159920,恒生ETF华夏,恒生,overseas,100.0,HIGH,name_underlying_issuer_v1,3337,359807905.0,True
000950,易方达证券保险ETF联接A,易方达证券保险ETF联接,A,指数型-股票,512070,证券保险ETF易方达,证券保险,equity_thematic,100.0,HIGH,name_underlying_issuer_v1,2659,568412505.0,True
000961,天弘沪深300ETF联接A,天弘沪深300ETF联接,A,指数型-股票,515330,沪深300ETF天弘,沪深300,equity_broad,100.0,HIGH,name_underlying_issuer_v1,1588,18490457.0,True
000962,天弘中证500ETF联接A,天弘中证500ETF联接,A,指数型-股票,159820,中证500ETF天弘,中证500,equity_broad,100.0,HIGH,name_underlying_issuer_v1,1429,14182160.5,True
001051,华夏上证50ETF联接A,华夏上证50ETF联接,A,指数型-股票,510050,上证50ETF华夏,上证50,equity_broad,100.0,HIGH,name_underlying_issuer_v1,5201,2876115996.5,True
001052,华夏中证500ETF联接A,华夏中证500ETF联接,A,指数型-股票,512500,中证500ETF华夏,中证500,equity_broad,100.0,HIGH,name_underlying_issuer_v1,2660,637545160.5,True
001064,广发中证环保ETF联接A,广发中证环保ETF联接,A,指数型-股票,512580,环保ETF广发,环保,equity_thematic,100.0,HIGH,name_underlying_issuer_v1,2269,13105387.5,True
001214,华泰柏瑞中证500ETF联接A,华泰柏瑞中证500ETF联接,A,指数型-股票,512510,中证500ETF华泰柏瑞,中证500,equity_broad,100.0,HIGH,name_underlying_issuer_v1,2660,19267325.5,True
001237,博时上证50ETF联接A,博时上证50ETF联接,A,指数型-股票,510710,上证50ETF博时,上证50,equity_broad,100.0,HIGH,name_underlying_issuer_v1,2695,4201315.0,True
001241,国寿安保中证500ETF联接,国寿安保中证500ETF联接,,指数型-股票,510560,中证500ETF国寿,中证500,equity_broad,100.0,HIGH,name_underlying_issuer_v1,2419,1778876.5,True
001344,易方达医药ETF联接A,易方达医药ETF联接,A,指数型-股票,512010,医药ETF易方达,医药,equity_thematic,100.0,HIGH,name_underlying_issuer_v1,2658,579795286.5,True
001455,景顺长城中证500ETF联接,景顺长城中证500ETF联接,,指数型-股票,159935,中证500ETF景顺,中证500,equity_broad,100.0,HIGH,name_underlying_issuer_v1,2926,2839644.0,True
001539,嘉实中证金融地产ETF联接A,嘉实中证金融地产ETF联接,A,指数型-股票,512640,金融地产ETF嘉实,金融地产,equity_thematic,100.0,HIGH,name_underlying_issuer_v1,2397,5430631.0,True
001548,天弘上证50ETF联接A,天弘上证50ETF联接,A,指数型-股票,530000,上证50ETF天弘,上证50,equity_broad,100.0,HIGH,name_underlying_issuer_v1,443,3122717.5,True
001592,天弘创业板ETF联接A,天弘创业板ETF联接,A,指数型-股票,159977,创业板ETF天弘,创业板,equity_broad,100.0,HIGH,name_underlying_issuer_v1,1647,199163935.0,True
001594,天弘中证银行ETF联接A,天弘中证银行ETF联接,A,指数型-股票,515290,银行ETF天弘,银行,equity_thematic,100.0,HIGH,name_underlying_issuer_v1,1345,44640457.0,True
001617,天弘中证电子ETF联接A,天弘中证电子ETF联接,A,指数型-股票,159997,电子ETF天弘,电子,equity_thematic,100.0,HIGH,name_underlying_issuer_v1,1534,102289241.0,True
001629,天弘中证计算机ETF联接A,天弘中证计算机ETF联接,A,指数型-股票,159998,计算机ETF天弘,计算机,equity_thematic,100.0,HIGH,name_underlying_issuer_v1,1519,127175837.5,True
001631,天弘中证食品饮料ETF联接A,天弘中证食品饮料ETF联接,A,指数型-股票,159736,食品饮料ETF天弘,食品饮料,equity_thematic,100.0,HIGH,name_underlying_issuer_v1,1163,25724414.0,True
002610,博时黄金ETF联接A,博时黄金ETF联接,A,指数型-其他,159937,黄金ETF博时,黄金,commodity,100.0,HIGH,name_underlying_issuer_v1,2800,700622029.0,True
002656,南方创业板ETF联接A,南方创业板ETF联接,A,指数型-股票,159948,创业板ETF南方,创业板,equity_broad,100.0,HIGH,name_underlying_issuer_v1,2458,103761811.0,True
003017,广发中证军工ETF联接A,广发中证军工ETF联接,A,指数型-股票,512680,军工ETF广发,军工,equity_thematic,100.0,HIGH,name_underlying_issuer_v1,2371,72755786.5,True
003194,汇添富中证上海国企ETF联接A,汇添富中证上海国企ETF联接,A,指数型-股票,510810,上海国企ETF汇添富,上海国企,equity_thematic,100.0,HIGH,name_underlying_issuer_v1,2390,4999543.5,True
004069,南方中证全指证券公司ETF联接A,南方中证全指证券公司ETF联接,A,指数型-股票,512900,证券ETF南方,证券,equity_thematic,100.0,HIGH,name_underlying_issuer_v1,2246,54236305.0,True
004432,南方有色金属ETF联接A,南方有色金属ETF联接,A,指数型-股票,512400,有色金属ETF南方,有色金属,commodity,100.0,HIGH,name_underlying_issuer_v1,2152,1195297557.0,True
004488,嘉实富时中国A50ETF联接A,嘉实富时中国A50ETF联接,A,指数型-股票,562890,A50ETF嘉实,A50,equity_broad,100.0,HIGH,name_underlying_issuer_v1,566,18115994.0,True
004752,广发中证传媒ETF联接A,广发中证传媒ETF联接,A,指数型-股票,512980,传媒ETF广发,传媒,equity_thematic,100.0,HIGH,name_underlying_issuer_v1,2058,221305786.5,True
005102,工银沪深300ETF联接A,工银沪深300ETF联接,A,指数型-股票,510350,沪深300ETF工银,沪深300,equity_broad,100.0,HIGH,name_underlying_issuer_v1,1676,25200671.5,True
005223,广发中证基建工程ETF联接A,广发中证基建工程ETF联接,A,指数型-股票,516970,基建ETF广发,基建,equity_thematic,100.0,HIGH,name_underlying_issuer_v1,1221,40089429.5,True
005390,工银创业板ETF联接A,工银创业板ETF联接,A,指数型-股票,159958,创业板ETF工银,创业板,equity_broad,100.0,HIGH,name_underlying_issuer_v1,2058,10383544.0,True
005761,招商MSCI中国A股国际ETF联接A,招商MSCI中国A股国际ETF联接,A,指数型-股票,515160,MSCI中国ETF招商,MSCI中国,equity_thematic,100.0,HIGH,name_underlying_issuer_v1,1548,1045002.0,True
006098,华宝券商ETF联接A,华宝券商ETF联接,A,指数型-股票,512000,券商ETF华宝,券商,equity_thematic,100.0,HIGH,name_underlying_issuer_v1,2386,1284141293.0,True
006220,工银上证50ETF联接A,工银上证50ETF联接,A,指数型-股票,510850,上证50ETF工银,上证50,equity_broad,100.0,HIGH,name_underlying_issuer_v1,1788,13750565.0,True
006248,华夏创业板ETF联接A,华夏创业板ETF联接,A,指数型-股票,159957,创业板ETF华夏,创业板,equity_broad,100.0,HIGH,name_underlying_issuer_v1,2069,205627854.5,True
006486,广发中证1000ETF联接A,广发中证1000ETF联接,A,指数型-股票,560010,中证1000ETF广发,中证1000,equity_broad,100.0,HIGH,name_underlying_issuer_v1,956,745209540.5,True
006656,方正富邦中证500ETF联接A,方正富邦中证500ETF联接,A,指数型-股票,510550,中证500ETF方正富邦,中证500,equity_broad,100.0,HIGH,name_underlying_issuer_v1,1818,1611292.0,True
006756,国泰中证生物医药ETF联接A,国泰中证生物医药ETF联接,A,指数型-股票,512290,生物医药ETF国泰,生物医药,equity_thematic,100.0,HIGH,name_underlying_issuer_v1,1739,105774525.0,True
006909,华夏战略新兴成指ETF联接A,华夏战略新兴成指ETF联接,A,指数型-股票,512770,战略新兴ETF华夏,战略新兴,equity_thematic,100.0,HIGH,name_underlying_issuer_v1,1919,7611465.5,True
007028,易方达中证500ETF联接发起式A,易方达中证500ETF联接发起式,A,指数型-股票,510580,中证500ETF易方达,中证500,equity_broad,100.0,HIGH,name_underlying_issuer_v1,2594,198055418.5,True
007076,汇添富中证医药ETF联接A,汇添富中证医药ETF联接,A,指数型-股票,159929,医药ETF汇添富,医药,equity_thematic,100.0,HIGH,name_underlying_issuer_v1,3118,81334617.5,True
007135,广发中证A100ETF联接A,广发中证A100ETF联接,A,指数型-股票,512910,A100ETF广发,A100,equity_thematic,100.0,HIGH,name_underlying_issuer_v1,1710,13528569.0,True
007153,汇添富中证银行ETF联接A,汇添富中证银行ETF联接,A,指数型-股票,512820,银行ETF汇添富,银行,equity_thematic,100.0,HIGH,name_underlying_issuer_v1,1853,89790119.0,True
007300,国联安中证半导体ETF联接A,国联安中证半导体ETF联接,A,指数型-股票,512480,半导体ETF国联安,半导体,equity_thematic,100.0,HIGH,name_underlying_issuer_v1,1722,2066018970.5,True
007379,易方达上证50ETF联接基金A,易方达上证50ETF联接基金,A,指数型-股票,510100,上证50ETF易方达,上证50,equity_broad,100.0,HIGH,name_underlying_issuer_v1,1643,430944221.5,True
007466,华泰柏瑞中证红利低波ETF联接A,华泰柏瑞中证红利低波ETF联接,A,指数型-股票,510880,红利ETF华泰柏瑞,红利,equity_dividend,100.0,HIGH,name_underlying_issuer_v1,4737,654647591.0,True
007472,华夏创业板价值ETF联接A,华夏创业板价值ETF联接,A,指数型-股票,159957,创业板ETF华夏,创业板,equity_broad,100.0,HIGH,name_underlying_issuer_v1,2069,205627854.5,True
007474,华夏创业板成长ETF联接A,华夏创业板成长ETF联接,A,指数型-股票,159957,创业板ETF华夏,创业板,equity_broad,100.0,HIGH,name_underlying_issuer_v1,2069,205627854.5,True
007593,鹏扬中证500质量成长ETF联接A,鹏扬中证500质量成长ETF联接,A,指数型-股票,560500,500质量成长ETF鹏扬,500质量成长,equity_broad,100.0,HIGH,name_underlying_issuer_v1,1179,3403841.5,True
007605,嘉实沪深300红利低波动ETF联接A,嘉实沪深300红利低波动ETF联接,A,指数型-股票,159919,沪深300ETF嘉实,沪深300,equity_broad,100.0,HIGH,name_underlying_issuer_v1,3434,1752919217.5,True
007784,广发央企创新驱动ETF联接A,广发央企创新驱动ETF联接,A,指数型-股票,515600,央企创新ETF广发,央企创新,equity_thematic,100.0,HIGH,name_underlying_issuer_v1,1591,5562036.5,True
007786,富国中证国企一带一路ETF联接A,富国中证国企一带一路ETF联接,A,指数型-股票,515150,一带一路ETF富国,一带一路,equity_thematic,100.0,HIGH,name_underlying_issuer_v1,1575,2937866.5,True
007792,嘉实央企创新驱动ETF联接A,嘉实央企创新驱动ETF联接,A,指数型-股票,515680,央企创新ETF嘉实,央企创新,equity_thematic,100.0,HIGH,name_underlying_issuer_v1,1592,5448976.5,True
007809,富国中证央企创新驱动ETF联接A,富国中证央企创新驱动ETF联接,A,指数型-股票,159974,央企创新ETF富国,央企创新,equity_thematic,100.0,HIGH,name_underlying_issuer_v1,1589,1426525.5,True
007815,嘉实新兴科技100ETF联接A,嘉实新兴科技100ETF联接,A,指数型-股票,515860,科技ETF嘉实,科技,equity_thematic,100.0,HIGH,name_underlying_issuer_v1,1635,9439767.5,True
007817,国泰中证全指通信设备ETF联接A,国泰中证全指通信设备ETF联接,A,指数型-股票,515880,通信ETF国泰,通信,equity_thematic,100.0,HIGH,name_underlying_issuer_v1,1661,4901833216.5,True
007839,汇添富中证长三角ETF联接A,汇添富中证长三角ETF联接,A,指数型-股票,512650,长三角ETF汇添富,长三角,equity_thematic,100.0,HIGH,name_underlying_issuer_v1,1631,5170971.0,True
007842,南华中证杭州湾区ETF联接A,南华中证杭州湾区ETF联接,A,指数型-股票,512870,杭州湾区ETF南华,杭州湾区,equity_thematic,100.0,HIGH,name_underlying_issuer_v1,1744,172223.5,True
007856,易方达中证800ETF联接A,易方达中证800ETF联接,A,指数型-股票,515810,中证800ETF易方达,中证800,equity_broad,100.0,HIGH,name_underlying_issuer_v1,1632,14982237.5,True
007873,华宝科技ETF联接A,华宝科技ETF联接,A,指数型-股票,515000,科技ETF华宝,科技,equity_thematic,100.0,HIGH,name_underlying_issuer_v1,1676,174841386.5,True
007885,国联中证500ETF联接A,国联中证500ETF联接,A,指数型-股票,515550,中证500ETF国联,中证500,equity_broad,100.0,HIGH,name_underlying_issuer_v1,1574,1597584.5,True
007910,大成有色金属期货ETF联接A,大成有色金属期货ETF联接,A,指数型-其他,159980,有色ETF大成,有色,commodity,100.0,HIGH,name_underlying_issuer_v1,1590,414815924.0,True
007932,鹏华中证500ETF联接A,鹏华中证500ETF联接,A,指数型-股票,159982,中证500ETF鹏华,中证500,equity_broad,100.0,HIGH,name_underlying_issuer_v1,1555,16603857.0,True
007937,华夏饲料豆粕期货ETF联接A,华夏饲料豆粕期货ETF联接,A,指数型-其他,159985,豆粕ETF华夏,豆粕,equity_thematic,100.0,HIGH,name_underlying_issuer_v1,1603,231352776.5,True
007983,申万菱信中证研发创新100ETF联接A,申万菱信中证研发创新100ETF联接,A,指数型-股票,515200,创新100ETF申万菱信,创新100,equity_thematic,100.0,HIGH,name_underlying_issuer_v1,1617,4604895.5,True
007992,华夏中证全指证券公司ETF联接A,华夏中证全指证券公司ETF联接,A,指数型-股票,515010,证券ETF华夏,证券,equity_thematic,100.0,HIGH,name_underlying_issuer_v1,1623,58947075.0,True
008020,华富中证人工智能产业ETF联接A,华富中证人工智能产业ETF联接,A,指数型-股票,515980,人工智能ETF华富,人工智能,equity_thematic,100.0,HIGH,name_underlying_issuer_v1,1563,382961771.5,True
008052,工银湾创100ETF联接A,工银湾创100ETF联接,A,指数型-股票,159976,湾创ETF工银,湾创,equity_thematic,100.0,HIGH,name_underlying_issuer_v1,1569,210930.0,True
008086,华夏中证5G通信主题ETF联接A,华夏中证5G通信主题ETF联接,A,指数型-股票,515050,通信ETF华夏,通信,equity_thematic,100.0,HIGH,name_underlying_issuer_v1,1639,1356720544.5,True
008088,华夏房地产ETF联接A,华夏房地产ETF联接,A,指数型-股票,515060,房地产ETF华夏,房地产,equity_thematic,100.0,HIGH,name_underlying_issuer_v1,1583,44532413.0,True
008142,工银黄金ETF联接A,工银黄金ETF联接,A,指数型-其他,518660,黄金ETF工银,黄金,commodity,100.0,HIGH,name_underlying_issuer_v1,1488,204345887.0,True
008154,嘉实中证医药健康100策略ETF联接A,嘉实中证医药健康100策略ETF联接,A,指数型-股票,515960,医药ETF嘉实,医药,equity_thematic,100.0,HIGH,name_underlying_issuer_v1,1480,7780411.5,True
008163,南方标普红利低波50ETF联接A,南方标普红利低波50ETF联接,A,指数型-股票,515450,红利低波50ETF南方,红利低波50,equity_dividend,100.0,HIGH,name_underlying_issuer_v1,1551,213206150.0,True
008189,国泰中证钢铁ETF联接A,国泰中证钢铁ETF联接,A,指数型-股票,515210,钢铁ETF国泰,钢铁,equity_thematic,100.0,HIGH,name_underlying_issuer_v1,1548,93756391.5,True
008258,中银证券中证500ETF联接A,中银证券中证500ETF联接,A,指数型-股票,515190,中证500ETF中银证券,中证500,equity_broad,100.0,HIGH,name_underlying_issuer_v1,1478,5785520.0,True
008279,国泰中证煤炭ETF联接A,国泰中证煤炭ETF联接,A,指数型-股票,515220,煤炭ETF国泰,煤炭,equity_thematic,100.0,HIGH,name_underlying_issuer_v1,1548,887261824.0,True
008281,国泰CES半导体芯片行业ETF联接A,国泰CES半导体芯片行业ETF联接,A,指数型-股票,512760,芯片ETF国泰,芯片,equity_thematic,100.0,HIGH,name_underlying_issuer_v1,1722,678202889.0,True
008291,民生加银沪深300ETF联接A,民生加银沪深300ETF联接,A,指数型-股票,515350,沪深300ETF民生加银,沪深300,equity_broad,100.0,HIGH,name_underlying_issuer_v1,1564,5568674.5,True
008298,华夏中证银行ETF联接A,华夏中证银行ETF联接,A,指数型-股票,515020,银行ETF华夏,银行,equity_thematic,100.0,HIGH,name_underlying_issuer_v1,1605,119287850.0,True
008390,国联安沪深300ETF联接A,国联安沪深300ETF联接,A,指数型-股票,515660,沪深300ETF国联安,沪深300,equity_broad,100.0,HIGH,name_underlying_issuer_v1,1590,2949310.5,True
008396,博时中证500ETF联接A,博时中证500ETF联接,A,指数型-股票,159968,中证500ETF博时,中证500,equity_broad,100.0,HIGH,name_underlying_issuer_v1,1628,15618880.0,True
008585,华夏人工智能ETF联接A,华夏人工智能ETF联接,A,指数型-股票,515070,人工智能ETF华夏,人工智能,equity_thematic,100.0,HIGH,name_underlying_issuer_v1,1590,279027091.5,True
008590,天弘中证全指证券公司ETF联接A,天弘中证全指证券公司ETF联接,A,指数型-股票,159841,证券ETF天弘,证券,equity_thematic,100.0,HIGH,name_underlying_issuer_v1,1315,308577720.5,True
008701,华夏黄金ETF联接A,华夏黄金ETF联接,A,指数型-其他,518850,黄金ETF华夏,黄金,commodity,100.0,HIGH,name_underlying_issuer_v1,1483,407027734.5,True
008749,富国中证科技50策略ETF联接A,富国中证科技50策略ETF联接,A,指数型-股票,515750,科技50ETF富国,科技50,equity_broad,100.0,HIGH,name_underlying_issuer_v1,1602,14769442.0,True
008776,华安沪深300ETF联接A,华安沪深300ETF联接,A,指数型-股票,515390,沪深300ETF华安,沪深300,equity_broad,100.0,HIGH,name_underlying_issuer_v1,1578,138633821.0,True
008827,建信易盛郑商所能源化工期货ETF联接A,建信易盛郑商所能源化工期货ETF联接,A,指数型-其他,159981,能源化工ETF建信,能源化工,equity_thematic,100.0,HIGH,name_underlying_issuer_v1,1573,474936918.5,True
008887,华夏国证半导体芯片ETF联接A,华夏国证半导体芯片ETF联接,A,指数型-股票,159995,芯片ETF华夏,芯片,equity_thematic,100.0,HIGH,name_underlying_issuer_v1,1563,1495985658.5,True
008889,银华中证5G通信主题ETF联接A,银华中证5G通信主题ETF联接,A,指数型-股票,159994,通信ETF银华,通信,equity_thematic,100.0,HIGH,name_underlying_issuer_v1,1549,264314430.5,True
008907,汇添富中证国企一带一路ETF联接A,汇添富中证国企一带一路ETF联接,A,指数型-股票,515990,一带一路ETF汇添富,一带一路,equity_thematic,100.0,HIGH,name_underlying_issuer_v1,1570,1210588.0,True
008916,华夏中证浙江国资创新发展ETF联接A,华夏中证浙江国资创新发展ETF联接,A,指数型-股票,515760,浙江国资ETF华夏,浙江国资,equity_thematic,100.0,HIGH,name_underlying_issuer_v1,1400,4752203.5,True
008926,泰康沪深300ETF联接A,泰康沪深300ETF联接,A,指数型-股票,515380,沪深300ETF泰康,沪深300,equity_broad,100.0,HIGH,name_underlying_issuer_v1,1533,18382235.5,True
008944,摩根MSCI中国A股ETF联接A,摩根MSCI中国A股ETF联接,A,指数型-股票,515770,MSCI中国A股ETF摩根,MSCI中国A股,equity_thematic,100.0,HIGH,name_underlying_issuer_v1,1473,2711766.0,True
008975,富国中证消费50ETF联接A,富国中证消费50ETF联接,A,指数型-股票,515650,消费50ETF富国,消费50,equity_broad,100.0,HIGH,name_underlying_issuer_v1,1621,54201344.0,True
008986,广发上海金ETF联接A,广发上海金ETF联接,A,指数型-其他,518600,金ETF广发,金,equity_thematic,100.0,HIGH,name_underlying_issuer_v1,1442,202868177.0,True
009012,平安创业板ETF联接A,平安创业板ETF联接,A,指数型-股票,159964,创业板ETF平安,创业板,equity_broad,100.0,HIGH,name_underlying_issuer_v1,1757,5569303.0,True
009033,建信上海金ETF联接A,建信上海金ETF联接,A,指数型-其他,518860,上海金ETF建信,上海金,equity_thematic,100.0,HIGH,name_underlying_issuer_v1,1413,29407163.0,True
009051,易方达中证红利ETF联接发起式A,易方达中证红利ETF联接发起式,A,指数型-股票,515180,红利ETF易方达,红利,equity_dividend,100.0,HIGH,name_underlying_issuer_v1,1592,404295002.0,True
009067,国泰中证新能源汽车ETF联接A,国泰中证新能源汽车ETF联接,A,指数型-股票,516110,汽车ETF国泰,汽车,equity_thematic,100.0,HIGH,name_underlying_issuer_v1,1261,34966991.0,True
009198,前海开源黄金ETF联接A,前海开源黄金ETF联接,A,指数型-其他,159812,黄金ETF前海开源,黄金,commodity,100.0,HIGH,name_underlying_issuer_v1,1488,20807280.5,True
009477,中银上海金ETF联接A,中银上海金ETF联接,A,指数型-其他,518890,上海金ETF中银,上海金,equity_thematic,100.0,HIGH,name_underlying_issuer_v1,1404,51910055.0,True
009504,富国上海金ETF联接A,富国上海金ETF联接,A,指数型-其他,518680,金ETF富国,金,equity_thematic,100.0,HIGH,name_underlying_issuer_v1,1448,150671222.0,True
010769,天弘中证农业主题ETF联接A,天弘中证农业主题ETF联接,A,指数型-股票,512620,农业ETF天弘,农业,equity_thematic,100.0,HIGH,name_underlying_issuer_v1,158,13928548.5,True
011035,嘉实中证稀土产业ETF联接A,嘉实中证稀土产业ETF联接,A,指数型-股票,516150,稀土ETF嘉实,稀土,equity_thematic,100.0,HIGH,name_underlying_issuer_v1,1294,300940592.0,True
011612,华夏科创50ETF联接A,华夏科创50ETF联接,A,指数型-股票,588000,科创50ETF华夏,科创50,equity_broad,100.0,HIGH,name_underlying_issuer_v1,1375,7293953185.5,True
011614,工银科创50ETF联接A,工银科创50ETF联接,A,指数型-股票,588050,科创50ETF工银,科创50,equity_broad,100.0,HIGH,name_underlying_issuer_v1,1375,469907830.5,True
011964,泰康中证500ETF联接A,泰康中证500ETF联接,A,指数型-股票,515530,中证500ETF泰康,中证500,equity_broad,100.0,HIGH,name_underlying_issuer_v1,1380,4555357.0,True
011966,招商中证光伏产业ETF联接A,招商中证光伏产业ETF联接,A,指数型-股票,516230,光伏ETF招商,光伏,equity_thematic,100.0,HIGH,name_underlying_issuer_v1,108,9232203.0,True
012179,浦银安盛创业板ETF联接A,浦银安盛创业板ETF联接,A,指数型-股票,159810,创业板ETF浦银,创业板,equity_broad,100.0,HIGH,name_underlying_issuer_v1,1459,3522006.5,True
012275,富国中证沪港深500ETF联接A,富国中证沪港深500ETF联接,A,指数型-股票,517100,沪港深500ETF富国,沪港深500,equity_broad,100.0,HIGH,name_underlying_issuer_v1,1305,1527061.0,True
012348,天弘恒生科技ETF联接A,天弘恒生科技ETF联接,A,指数型-海外股票,520920,恒生科技ETF天弘,恒生科技,overseas,100.0,HIGH,name_underlying_issuer_v1,190,223848384.5,True
012362,国泰中证全指证券公司ETF联接A,国泰中证全指证券公司ETF联接,A,指数型-股票,512880,证券ETF国泰,证券,equity_thematic,100.0,HIGH,name_underlying_issuer_v1,2413,2359638591.5,True
012537,华宝中证细分化工产业主题ETF联接A,华宝中证细分化工产业主题ETF联接,A,指数型-股票,516020,化工ETF华宝,化工,equity_thematic,100.0,HIGH,name_underlying_issuer_v1,1301,195708034.0,True
012548,华宝中证细分食品饮料产业主题ETF联接A,华宝中证细分食品饮料产业主题ETF联接,A,指数型-股票,515710,食品饮料ETF华宝,食品饮料,equity_thematic,100.0,HIGH,name_underlying_issuer_v1,1338,29674288.0,True
012550,华宝中证电子50ETF联接A,华宝中证电子50ETF联接,A,指数型-股票,515260,电子ETF华宝,电子,equity_thematic,100.0,HIGH,name_underlying_issuer_v1,1445,82566393.5,True
012552,天弘芯片产业ETF联接A,天弘芯片产业ETF联接,A,指数型-股票,159310,芯片ETF天弘,芯片,equity_thematic,100.0,HIGH,name_underlying_issuer_v1,537,31049325.5,True
012590,易方达中证全指证券公司ETF联接A,易方达中证全指证券公司ETF联接,A,指数型-股票,512570,证券ETF易方达,证券,equity_thematic,100.0,HIGH,name_underlying_issuer_v1,2164,155395219.0,True
012596,汇添富中证800ETF联接A,汇添富中证800ETF联接,A,指数型-股票,515800,中证800ETF汇添富,中证800,equity_broad,100.0,HIGH,name_underlying_issuer_v1,1596,119919427.5,True
012619,嘉实中证软件服务ETF联接A,嘉实中证软件服务ETF联接,A,指数型-股票,159852,软件ETF嘉实,软件,equity_thematic,100.0,HIGH,name_underlying_issuer_v1,1315,415513196.0,True
012629,广发国证半导体芯片ETF联接A,广发国证半导体芯片ETF联接,A,指数型-股票,159801,芯片ETF广发,芯片,equity_thematic,100.0,HIGH,name_underlying_issuer_v1,1557,346936532.0,True
012634,国泰中证医疗ETF联接A,国泰中证医疗ETF联接,A,指数型-股票,159828,医疗ETF国泰,医疗,equity_thematic,100.0,HIGH,name_underlying_issuer_v1,1335,49394807.5,True
012636,国泰中证全指软件ETF联接A,国泰中证全指软件ETF联接,A,指数型-股票,515230,软件ETF国泰,软件,equity_thematic,100.0,HIGH,name_underlying_issuer_v1,1305,202680918.5,True
012643,招商中证红利ETF联接A,招商中证红利ETF联接,A,指数型-股票,515080,中证红利ETF招商,中证红利,equity_dividend,100.0,HIGH,name_underlying_issuer_v1,1587,370342026.0,True
012663,国寿安保沪港深300ETF联接A,国寿安保沪港深300ETF联接,A,指数型-股票,517300,沪港深300ETF国寿,沪港深300,equity_broad,100.0,HIGH,name_underlying_issuer_v1,1309,2161250.0,True
012679,华泰柏瑞光伏ETF联接A,华泰柏瑞光伏ETF联接,A,指数型-股票,515790,光伏ETF华泰柏瑞,光伏,equity_thematic,100.0,HIGH,name_underlying_issuer_v1,1351,358346022.0,True
012712,建信沪深300红利ETF联接A,建信沪深300红利ETF联接,A,指数型-股票,512530,沪深300红利ETF建信,沪深300红利,equity_dividend,100.0,HIGH,name_underlying_issuer_v1,1651,7745289.0,True
012717,易方达中证科技50ETF联接A,易方达中证科技50ETF联接,A,指数型-股票,159807,科技ETF易方达,科技,equity_thematic,100.0,HIGH,name_underlying_issuer_v1,1528,68536992.0,True
012724,国泰中证畜牧养殖ETF联接A,国泰中证畜牧养殖ETF联接,A,指数型-股票,159865,养殖ETF国泰,养殖,equity_thematic,100.0,HIGH,name_underlying_issuer_v1,1301,208391304.0,True
012728,国泰中证动漫游戏ETF联接A,国泰中证动漫游戏ETF联接,A,指数型-股票,516010,游戏ETF国泰,游戏,equity_thematic,100.0,HIGH,name_underlying_issuer_v1,1302,90971473.0,True
012733,易方达中证人工智能主题ETF联接A,易方达中证人工智能主题ETF联接,A,指数型-股票,159819,人工智能ETF易方达,人工智能,equity_thematic,100.0,HIGH,name_underlying_issuer_v1,1407,803746282.5,True
012737,广发创新药ETF联接A,广发创新药ETF联接,A,指数型-股票,515120,创新药ETF广发,创新药,equity_thematic,100.0,HIGH,name_underlying_issuer_v1,1341,399718094.0,True
012761,华泰柏瑞上证红利ETF联接A,华泰柏瑞上证红利ETF联接,A,指数型-股票,510880,红利ETF华泰柏瑞,红利,equity_dividend,100.0,HIGH,name_underlying_issuer_v1,4737,654647591.0,True
012801,富国中证医药50ETF联接A,富国中证医药50ETF联接,A,指数型-股票,515950,医药50ETF富国,医药50,equity_broad,100.0,HIGH,name_underlying_issuer_v1,1526,11544921.5,True
012804,广发恒生科技ETF联接(QDII)A,广发恒生科技ETF联接,A,指数型-海外股票,513380,恒生科技ETF广发,恒生科技,overseas,100.0,HIGH,name_underlying_issuer_v1,1016,271316465.5,True
012831,南方中证新能源ETF联接A,南方中证新能源ETF联接,A,指数型-股票,516160,新能源ETF南方,新能源,equity_thematic,100.0,HIGH,name_underlying_issuer_v1,1318,247625601.5,True
012894,天弘中证科创创业50ETF联接A,天弘中证科创创业50ETF联接,A,指数型-股票,159603,科创创业ETF天弘,科创创业,equity_broad,100.0,HIGH,name_underlying_issuer_v1,998,16286456.0,True
012907,鹏扬中证科创创业50ETF联接A,鹏扬中证科创创业50ETF联接,A,指数型-股票,588350,科创创业50ETF鹏扬,科创创业50,equity_broad,100.0,HIGH,name_underlying_issuer_v1,893,6967266.5,True
012969,鹏华国证半导体芯片ETF联接A,鹏华国证半导体芯片ETF联接,A,指数型-股票,159813,半导体ETF鹏华,半导体,equity_thematic,100.0,HIGH,name_underlying_issuer_v1,1492,541276148.5,True
012973,国泰汽车整车ETF联接A,国泰汽车整车ETF联接,A,指数型-股票,516110,汽车ETF国泰,汽车,equity_thematic,100.0,HIGH,name_underlying_issuer_v1,1261,34966991.0,True
013125,华夏食品饮料ETF联接A,华夏食品饮料ETF联接,A,指数型-股票,515170,食品饮料ETF华夏,食品饮料,equity_thematic,100.0,HIGH,name_underlying_issuer_v1,1334,83628584.5,True
013127,汇添富恒生科技ETF联接发起式(QDII)A,汇添富恒生科技ETF联接发起式,A,指数型-海外股票,513260,恒生科技ETF汇添富,恒生科技,overseas,100.0,HIGH,name_underlying_issuer_v1,930,400098489.0,True
013171,华夏恒生互联网科技业ETF联接(QDII)A,华夏恒生互联网科技业ETF联接,A,指数型-海外股票,159920,恒生ETF华夏,恒生,overseas,100.0,HIGH,name_underlying_issuer_v1,3337,359807905.0,True
013179,广发国证新能源车电池ETF联接A,广发国证新能源车电池ETF联接,A,指数型-股票,159945,能源ETF广发,能源,equity_thematic,100.0,HIGH,name_underlying_issuer_v1,2678,11822404.0,True
013298,南方中证科创创业50ETF联接A,南方中证科创创业50ETF联接,A,指数型-股票,159780,科创创业50ETF南方,科创创业50,equity_broad,100.0,HIGH,name_underlying_issuer_v1,1221,159842586.0,True
013302,招商中证科创创业50ETF联接A,招商中证科创创业50ETF联接,A,指数型-股票,588300,科创创业50ETF招商,科创创业50,equity_broad,100.0,HIGH,name_underlying_issuer_v1,1221,71467746.5,True
013308,易方达恒生科技ETF联接(QDII)A,易方达恒生科技ETF联接,A,指数型-海外股票,159807,科技ETF易方达,科技,equity_thematic,100.0,HIGH,name_underlying_issuer_v1,1528,68536992.0,True
013310,华夏科创创业50ETF联接A,华夏科创创业50ETF联接,A,指数型-股票,159783,科创创业50ETF华夏,科创创业50,equity_broad,100.0,HIGH,name_underlying_issuer_v1,1221,270471034.5,True
013313,富国中证科创创业50ETF联接A,富国中证科创创业50ETF联接,A,指数型-股票,588380,科创创业ETF富国,科创创业,equity_broad,100.0,HIGH,name_underlying_issuer_v1,1220,117164816.0,True
013425,博时标普500ETF联接美元汇(QDII)A,博时标普500ETF联接美元汇,A,指数型-海外股票,513500,标普500ETF博时,标普500,overseas,100.0,HIGH,name_underlying_issuer_v1,3038,368503526.0,True
013502,易方达低碳ETF联接A,易方达低碳ETF联接,A,指数型-股票,516070,低碳ETF易方达,低碳,equity_thematic,100.0,HIGH,name_underlying_issuer_v1,1267,7623110.5,True
013893,国联安上证科创50ETF联接A,国联安上证科创50ETF联接,A,指数型-股票,588180,科创50ETF国联安,科创50,equity_broad,100.0,HIGH,name_underlying_issuer_v1,1223,37807120.5,True
014117,国泰创新药ETF联接A,国泰创新药ETF联接,A,指数型-股票,517110,创新药ETF国泰,创新药,equity_thematic,100.0,HIGH,name_underlying_issuer_v1,1160,10679315.5,True
014414,招商中证畜牧养殖ETF联接A,招商中证畜牧养殖ETF联接,A,指数型-股票,516670,畜牧养殖ETF招商,畜牧养殖,equity_thematic,100.0,HIGH,name_underlying_issuer_v1,1287,50567002.0,True
014528,汇添富MSCI中国A50互联互通ETF联接A,汇添富MSCI中国A50互联互通ETF联接,A,指数型-股票,560050,中国A50ETF汇添富,中国A50,equity_broad,100.0,HIGH,name_underlying_issuer_v1,1138,77254240.0,True
014532,易方达MSCI中国A50互联互通ETF联接A,易方达MSCI中国A50互联互通ETF联接,A,指数型-股票,563000,中国A50ETF易方达,中国A50,equity_broad,100.0,HIGH,name_underlying_issuer_v1,1138,27762863.0,True
014534,南方MSCI中国A50互联互通ETF联接A,南方MSCI中国A50互联互通ETF联接,A,指数型-股票,159602,中国A50ETF南方,中国A50,equity_broad,100.0,HIGH,name_underlying_issuer_v1,1138,9649079.0,True
014543,汇添富中证沪港深云计算产业ETF联接A,汇添富中证沪港深云计算产业ETF联接,A,指数型-股票,159273,云计算ETF汇添富,云计算,equity_thematic,100.0,HIGH,name_underlying_issuer_v1,229,44835405.5,True
014564,天弘创新药精选50ETF联接A,天弘创新药精选50ETF联接,A,指数型-股票,517380,创新药ETF天弘,创新药,equity_thematic,100.0,HIGH,name_underlying_issuer_v1,1196,34304322.5,True
014661,天弘黄金ETF联接A,天弘黄金ETF联接,A,指数型-其他,159830,金ETF天弘,金,equity_thematic,100.0,HIGH,name_underlying_issuer_v1,1211,37804996.0,True
014942,鹏华中证细分化工产业主题ETF联接A,鹏华中证细分化工产业主题ETF联接,A,指数型-股票,159870,化工ETF鹏华,化工,equity_thematic,100.0,HIGH,name_underlying_issuer_v1,1304,810270054.0,True
015310,华泰柏瑞恒生科技ETF联接(QDII)A,华泰柏瑞恒生科技ETF联接,A,指数型-海外股票,513130,恒生科技ETF华泰柏瑞,恒生科技,overseas,100.0,HIGH,name_underlying_issuer_v1,1244,3890766674.5,True
015873,工银锂电池ETF联接A,工银锂电池ETF联接,A,指数型-股票,159840,锂电池ETF工银,锂电池,equity_thematic,100.0,HIGH,name_underlying_issuer_v1,1187,130970000.5,True
015878,富国中证农业主题ETF联接A,富国中证农业主题ETF联接,A,指数型-股票,159825,农业ETF富国,农业,equity_thematic,100.0,HIGH,name_underlying_issuer_v1,1344,87414742.0,True
015896,天弘中证细分化工产业主题ETF联接A,天弘中证细分化工产业主题ETF联接,A,指数型-股票,159133,化工ETF天弘,化工,equity_thematic,100.0,HIGH,name_underlying_issuer_v1,156,44941596.0,True
015993,博时中证光伏产业ETF联接A,博时中证光伏产业ETF联接,A,指数型-股票,560310,光伏ETF博时,光伏,equity_thematic,100.0,HIGH,name_underlying_issuer_v1,95,3132264.5,True
016007,招商中证消费电子主题ETF联接A,招商中证消费电子主题ETF联接,A,指数型-股票,510150,消费ETF招商,消费,equity_thematic,100.0,HIGH,name_underlying_issuer_v1,3726,33296527.5,True
016019,招商中证电池主题ETF联接A,招商中证电池主题ETF联接,A,指数型-股票,561910,电池ETF招商,电池,equity_thematic,100.0,HIGH,name_underlying_issuer_v1,1193,197198934.0,True
016185,广发电力ETF联接A,广发电力ETF联接,A,指数型-股票,159611,电力ETF广发,电力,equity_thematic,100.0,HIGH,name_underlying_issuer_v1,1095,570729998.5,True
016630,易方达中证1000ETF联接A,易方达中证1000ETF联接,A,指数型-股票,159633,中证1000ETF易方达,中证1000,equity_broad,100.0,HIGH,name_underlying_issuer_v1,957,591153873.5,True
016633,富国中证1000ETF联接A,富国中证1000ETF联接,A,指数型-股票,159629,中证1000ETF富国,中证1000,equity_broad,100.0,HIGH,name_underlying_issuer_v1,958,230572370.5,True
016707,华夏有色金属ETF联接A,华夏有色金属ETF联接,A,指数型-股票,516650,有色金属ETF华夏,有色金属,commodity,100.0,HIGH,name_underlying_issuer_v1,1231,254584175.0,True
016887,富国中证上海环交所碳中和ETF联接A,富国中证上海环交所碳中和ETF联接,A,指数型-股票,561190,碳中和ETF富国,碳中和,equity_thematic,100.0,HIGH,name_underlying_issuer_v1,969,6064196.0,True
016891,鹏华中证中药ETF联接A,鹏华中证中药ETF联接,A,指数型-股票,159647,中药ETF鹏华,中药,equity_thematic,100.0,HIGH,name_underlying_issuer_v1,962,18357642.0,True
016899,易方达中证上海环交所碳中和ETF联接A,易方达中证上海环交所碳中和ETF联接,A,指数型-股票,562990,碳中和ETF易方达,碳中和,equity_thematic,100.0,HIGH,name_underlying_issuer_v1,969,10607907.0,True
016917,南方中证上海环交所碳中和ETF联接A,南方中证上海环交所碳中和ETF联接,A,指数型-股票,159639,碳中和ETF南方,碳中和,equity_thematic,100.0,HIGH,name_underlying_issuer_v1,969,7351780.5,True
016938,南方中证长江保护主题ETF联接A,南方中证长江保护主题ETF联接,A,指数型-股票,517160,长江保护ETF南方,长江保护,equity_thematic,100.0,HIGH,name_underlying_issuer_v1,1094,440188.0,True
016952,鹏华中证港股通消费ETF联接A,鹏华中证港股通消费ETF联接,A,指数型-股票,513590,港股通消费ETF鹏华,港股通消费,overseas,100.0,HIGH,name_underlying_issuer_v1,1188,4095355.5,True
017161,汇添富中证1000ETF联接A,汇添富中证1000ETF联接,A,指数型-股票,560110,中证1000ETF汇添富,中证1000,equity_broad,100.0,HIGH,name_underlying_issuer_v1,955,19168412.5,True
017185,国泰疫苗与生物科技ETF联接A,国泰疫苗与生物科技ETF联接,A,指数型-股票,159643,疫苗ETF国泰,疫苗,equity_thematic,100.0,HIGH,name_underlying_issuer_v1,945,6059364.0,True
017646,易方达中证光伏产业ETF联接发起式A,易方达中证光伏产业ETF联接发起式,A,指数型-股票,562970,光伏ETF易方达,光伏,equity_thematic,100.0,HIGH,name_underlying_issuer_v1,411,27789231.0,True
017778,浦银安盛中证证券公司30ETF联接A,浦银安盛中证证券公司30ETF联接,A,指数型-股票,516730,证券ETF浦银,证券,equity_thematic,100.0,HIGH,name_underlying_issuer_v1,1134,5272444.5,True
017853,易方达云计算ETF联接A,易方达云计算ETF联接,A,指数型-股票,516510,云计算ETF易方达,云计算,equity_thematic,100.0,HIGH,name_underlying_issuer_v1,1280,195225389.5,True
017937,易方达中证医疗ETF联接发起式A,易方达中证医疗ETF联接发起式,A,指数型-股票,159847,医疗ETF易方达,医疗,equity_thematic,100.0,HIGH,name_underlying_issuer_v1,1211,26561432.5,True
017949,景顺长城创业板50ETF联接A,景顺长城创业板50ETF联接,A,指数型-股票,159682,创业板50ETF景顺,创业板50,equity_broad,100.0,HIGH,name_underlying_issuer_v1,856,365049835.0,True
018167,国泰有色矿业ETF联接A,国泰有色矿业ETF联接,A,指数型-股票,561330,矿业ETF国泰,矿业,equity_thematic,100.0,HIGH,name_underlying_issuer_v1,900,75589236.5,True
018300,华夏消费电子ETF联接A,华夏消费电子ETF联接,A,指数型-股票,510630,消费ETF华夏,消费,equity_thematic,100.0,HIGH,name_underlying_issuer_v1,3207,41464287.5,True
018379,万家储能电池ETF联接A,万家储能电池ETF联接,A,指数型-股票,159156,电池ETF万家,电池,equity_thematic,100.0,HIGH,name_underlying_issuer_v1,101,7172481.5,True
018387,华泰柏瑞港股通红利ETF联接基金A,华泰柏瑞港股通红利ETF联接基金,A,指数型-股票,510880,红利ETF华泰柏瑞,红利,equity_dividend,100.0,HIGH,name_underlying_issuer_v1,4737,654647591.0,True
018391,南方上海金ETF联接A,南方上海金ETF联接,A,指数型-其他,159834,金ETF南方,金,equity_thematic,100.0,HIGH,name_underlying_issuer_v1,1052,52018183.0,True
018411,易方达芯片ETF联接A,易方达芯片ETF联接,A,指数型-股票,516350,芯片ETF易方达,芯片,equity_thematic,100.0,HIGH,name_underlying_issuer_v1,1105,207988395.5,True
018482,鹏华创业板50ETF联接A,鹏华创业板50ETF联接,A,指数型-股票,159681,创业板50ETF鹏华,创业板50,equity_broad,100.0,HIGH,name_underlying_issuer_v1,856,132935241.0,True
018557,易方达港股通医药ETF联接A,易方达港股通医药ETF联接,A,指数型-股票,512010,医药ETF易方达,医药,equity_thematic,100.0,HIGH,name_underlying_issuer_v1,2658,579795286.5,True
018646,易方达中证家电龙头ETF联接发起式A,易方达中证家电龙头ETF联接发起式,A,指数型-股票,159328,家电ETF易方达,家电,equity_thematic,100.0,HIGH,name_underlying_issuer_v1,405,4850338.5,True
018896,易方达消费电子ETF联接A,易方达消费电子ETF联接,A,指数型-股票,562950,消费电子ETF易方达,消费电子,equity_thematic,100.0,HIGH,name_underlying_issuer_v1,1086,176150588.0,True
018926,南方中证电池ETF联接A,南方中证电池ETF联接,A,指数型-股票,159147,电池ETF南方,电池,equity_thematic,100.0,HIGH,name_underlying_issuer_v1,115,30081361.0,True
019058,易方达绿色电力ETF联接A,易方达绿色电力ETF联接,A,指数型-股票,562960,绿色电力ETF易方达,绿色电力,equity_thematic,100.0,HIGH,name_underlying_issuer_v1,791,74007933.5,True
019061,易方达软件ETF联接A,易方达软件ETF联接,A,指数型-股票,562930,软件ETF易方达,软件,equity_thematic,100.0,HIGH,name_underlying_issuer_v1,756,49504049.0,True
019102,景顺长城恒生消费ETF联接(QDII)A,景顺长城恒生消费ETF联接,A,指数型-海外股票,513970,恒生消费ETF景顺,恒生消费,overseas,100.0,HIGH,name_underlying_issuer_v1,784,56768309.5,True
019141,易方达中证电信主题ETF联接发起式A,易方达中证电信主题ETF联接发起式,A,指数型-股票,563010,电信ETF易方达,电信,equity_thematic,100.0,HIGH,name_underlying_issuer_v1,730,14370673.0,True
019164,汇添富有色金属ETF联接A,汇添富有色金属ETF联接,A,指数型-股票,159652,有色ETF汇添富,有色,commodity,100.0,HIGH,name_underlying_issuer_v1,835,188805668.0,True
019167,易方达中证物联网主题ETF联接发起式A,易方达中证物联网主题ETF联接发起式,A,指数型-股票,159895,物联网ETF易方达,物联网,equity_thematic,100.0,HIGH,name_underlying_issuer_v1,1145,3619404.0,True
019171,天弘沪港深云计算ETF联接A,天弘沪港深云计算ETF联接,A,指数型-股票,517390,云计算ETF天弘,云计算,equity_thematic,100.0,HIGH,name_underlying_issuer_v1,1105,13962817.5,True
019260,富国恒生红利ETF联接A,富国恒生红利ETF联接,A,指数型-股票,513950,恒生红利ETF富国,恒生红利,overseas,100.0,HIGH,name_underlying_issuer_v1,779,48789387.0,True
019315,易方达中证新能源ETF联接发起式A,易方达中证新能源ETF联接发起式,A,指数型-股票,516090,新能源ETF易方达,新能源,equity_thematic,100.0,HIGH,name_underlying_issuer_v1,1291,65646650.0,True
019320,易方达中证500质量成长ETF联接发起式A,易方达中证500质量成长ETF联接发起式,A,指数型-股票,510580,中证500ETF易方达,中证500,equity_broad,100.0,HIGH,name_underlying_issuer_v1,2594,198055418.5,True
019493,易方达央企科技50ETF联接A,易方达央企科技50ETF联接,A,指数型-股票,159807,科技ETF易方达,科技,equity_thematic,100.0,HIGH,name_underlying_issuer_v1,1528,68536992.0,True
019508,银华中证国新央企科技引领ETF联接A,银华中证国新央企科技引领ETF联接,A,指数型-股票,159959,央企ETF银华,央企,equity_thematic,100.0,HIGH,name_underlying_issuer_v1,1816,703854.0,True
019510,华宝中证A500ETF联接A,华宝中证A500ETF联接,A,指数型-股票,159596,A50ETF华宝,A50,equity_broad,100.0,HIGH,name_underlying_issuer_v1,566,15525844.0,True
019529,南方中证国新央企科技引领ETF联接A,南方中证国新央企科技引领ETF联接,A,指数型-股票,560170,央企科技ETF南方,央企科技,equity_thematic,100.0,HIGH,name_underlying_issuer_v1,735,51510219.5,True
019598,平安中证港股医药ETF联接A,平安中证港股医药ETF联接,A,指数型-股票,159718,港股医药ETF平安,港股医药,overseas,100.0,HIGH,name_underlying_issuer_v1,1102,22224810.0,True
019632,国泰半导体设备ETF联接A,国泰半导体设备ETF联接,A,指数型-股票,159516,半导体设备ETF国泰,半导体设备,equity_thematic,100.0,HIGH,name_underlying_issuer_v1,720,3472196542.0,True
019666,易方达中证创新药产业ETF联接发起式A,易方达中证创新药产业ETF联接发起式,A,指数型-股票,516080,创新药ETF易方达,创新药,equity_thematic,100.0,HIGH,name_underlying_issuer_v1,1310,73600272.5,True
019670,广发港股创新药ETF联接(QDII)A,广发港股创新药ETF联接,A,指数型-海外股票,515120,创新药ETF广发,创新药,equity_thematic,100.0,HIGH,name_underlying_issuer_v1,1341,399718094.0,True
019702,易方达上证科创板成长ETF联接发起式A,易方达上证科创板成长ETF联接发起式,A,指数型-股票,159259,成长ETF易方达,成长,equity_thematic,100.0,HIGH,name_underlying_issuer_v1,213,426409058.0,True
019827,鹏华国证石油天然气ETF联接A,鹏华国证石油天然气ETF联接,A,指数型-股票,159697,石油ETF鹏华,石油,equity_thematic,100.0,HIGH,name_underlying_issuer_v1,778,76126986.5,True
019861,鹏华上证科创100ETF联接A,鹏华上证科创100ETF联接,A,指数型-股票,588220,科创100ETF鹏华,科创100,equity_broad,100.0,HIGH,name_underlying_issuer_v1,684,645038920.5,True
019868,华夏云计算与大数据ETF联接A,华夏云计算与大数据ETF联接,A,指数型-股票,516000,大数据ETF华夏,大数据,equity_thematic,100.0,HIGH,name_underlying_issuer_v1,1306,31149176.5,True
019874,广发稀有金属ETF联接A,广发稀有金属ETF联接,A,指数型-股票,518600,金ETF广发,金,equity_thematic,100.0,HIGH,name_underlying_issuer_v1,1442,202868177.0,True
019975,华夏物联网ETF联接A,华夏物联网ETF联接,A,指数型-股票,516260,物联网ETF华夏,物联网,equity_thematic,100.0,HIGH,name_underlying_issuer_v1,1201,2443525.5,True
020014,鹏华国证ESG300ETF联接A,鹏华国证ESG300ETF联接,A,指数型-股票,159717,ESGETF鹏华,ESG,equity_thematic,100.0,HIGH,name_underlying_issuer_v1,1159,1644673.0,True
020021,国泰金融ETF联接A,国泰金融ETF联接,A,指数型-股票,510230,金融ETF国泰,金融,equity_thematic,100.0,HIGH,name_underlying_issuer_v1,3681,90456575.0,True
020100,易方达中证A100ETF联接发起式A,易方达中证A100ETF联接发起式,A,指数型-股票,159686,A100ETF易方达,A100,equity_thematic,100.0,HIGH,name_underlying_issuer_v1,725,12897297.0,True
020104,易方达石油化工ETF联接A,易方达石油化工ETF联接,A,指数型-股票,159181,石油ETF易方达,石油,equity_thematic,100.0,HIGH,name_underlying_issuer_v1,82,12382791.0,True
020278,国泰信创ETF联接A,国泰信创ETF联接,A,指数型-股票,159537,信创ETF国泰,信创,equity_thematic,100.0,HIGH,name_underlying_issuer_v1,672,11821329.0,True
020291,华夏科创100ETF联接A,华夏科创100ETF联接,A,指数型-股票,588800,科创100ETF华夏,科创100,equity_broad,100.0,HIGH,name_underlying_issuer_v1,646,332504944.5,True
020403,易方达信创ETF联接A,易方达信创ETF联接,A,指数型-股票,159540,信创ETF易方达,信创,equity_thematic,100.0,HIGH,name_underlying_issuer_v1,675,39153707.0,True
020517,易方达深证50ETF联接发起式A,易方达深证50ETF联接发起式,A,指数型-股票,159150,深证50ETF易方达,深证50,equity_broad,100.0,HIGH,name_underlying_issuer_v1,629,10356865.0,True
020602,易方达中证红利低波动ETF联接发起式A,易方达中证红利低波动ETF联接发起式,A,指数型-股票,515180,红利ETF易方达,红利,equity_dividend,100.0,HIGH,name_underlying_issuer_v1,1592,404295002.0,True
020628,汇添富科创芯片ETF联接A,汇添富科创芯片ETF联接,A,指数型-股票,516920,芯片ETF汇添富,芯片,equity_thematic,100.0,HIGH,name_underlying_issuer_v1,1191,73906668.5,True
020639,广发半导体设备ETF联接A,广发半导体设备ETF联接,A,指数型-股票,560780,半导体设备ETF广发,半导体设备,equity_thematic,100.0,HIGH,name_underlying_issuer_v1,628,537616087.5,True
020670,易方达科创芯片ETF联接A,易方达科创芯片ETF联接,A,指数型-股票,516350,芯片ETF易方达,芯片,equity_thematic,100.0,HIGH,name_underlying_issuer_v1,1105,207988395.5,True
020732,易方达创业板200ETF联接A,易方达创业板200ETF联接,A,指数型-股票,159915,创业板ETF易方达,创业板,equity_broad,100.0,HIGH,name_underlying_issuer_v1,3544,5797278773.5,True
020781,平安富时中国国企开放共赢ETF联接A,平安富时中国国企开放共赢ETF联接,A,指数型-股票,159719,国企ETF平安,国企,equity_thematic,100.0,HIGH,name_underlying_issuer_v1,1098,3945489.5,True
020893,景顺长城国证机器人ETF联接A,景顺长城国证机器人ETF联接,A,指数型-股票,159559,机器人ETF景顺,机器人,equity_thematic,100.0,HIGH,name_underlying_issuer_v1,628,176056124.5,True
020903,广发工程机械ETF联接A,广发工程机械ETF联接,A,指数型-股票,560280,工程机械ETF广发,工程机械,equity_thematic,100.0,HIGH,name_underlying_issuer_v1,659,181031336.0,True
020972,易方达机器人ETF联接A,易方达机器人ETF联接,A,指数型-股票,159530,机器人ETF易方达,机器人,equity_thematic,100.0,HIGH,name_underlying_issuer_v1,602,1130428583.0,True
021023,南方恒生指数ETF联接I,南方恒生指数ETF联接,I,指数型-股票,513600,恒生指数ETF南方,恒生指数,overseas,100.0,HIGH,name_underlying_issuer_v1,2787,113797422.0,True
021033,易方达储能电池ETF联接A,易方达储能电池ETF联接,A,指数型-股票,159566,储能电池ETF易方达,储能电池,equity_thematic,100.0,HIGH,name_underlying_issuer_v1,587,506067843.0,True
021140,易方达汽车零部件ETF联接A,易方达汽车零部件ETF联接,A,指数型-股票,159565,汽车零部件ETF易方达,汽车零部件,equity_thematic,100.0,HIGH,name_underlying_issuer_v1,581,30941911.0,True
021142,华夏港股通央企红利ETF联接A,华夏港股通央企红利ETF联接,A,指数型-股票,513910,港股通央企红利ETF华夏,港股通央企红利,overseas,100.0,HIGH,name_underlying_issuer_v1,576,215217538.5,True
021159,天弘沪港深物联网ETF联接A,天弘沪港深物联网ETF联接,A,指数型-股票,517660,物联网ETF天弘,物联网,equity_thematic,100.0,HIGH,name_underlying_issuer_v1,1148,2400594.5,True
021183,平安中证A50ETF联接A,平安中证A50ETF联接,A,指数型-股票,159593,中证A50ETF平安,中证A50,equity_broad,100.0,HIGH,name_underlying_issuer_v1,570,59081542.0,True
021189,南方亚太精选ETF联接(QDII)A,南方亚太精选ETF联接,A,指数型-海外股票,159687,亚太精选ETF南方,亚太精选,equity_thematic,100.0,HIGH,name_underlying_issuer_v1,854,495316381.0,True
021206,易方达中证A50ETF联接发起式A,易方达中证A50ETF联接发起式,A,指数型-股票,563080,中证A50ETF易方达,中证A50,equity_broad,100.0,HIGH,name_underlying_issuer_v1,566,35236925.5,True
021208,银华中证A50ETF联接A,银华中证A50ETF联接,A,指数型-股票,159592,A50ETF银华,A50,equity_broad,100.0,HIGH,name_underlying_issuer_v1,566,22840967.0,True
021212,大成中证A50ETF联接A,大成中证A50ETF联接,A,指数型-股票,159595,中证A50ETF大成,中证A50,equity_broad,100.0,HIGH,name_underlying_issuer_v1,566,138222100.0,True
021214,嘉实中证A50ETF联接A,嘉实中证A50ETF联接,A,指数型-股票,562890,A50ETF嘉实,A50,equity_broad,100.0,HIGH,name_underlying_issuer_v1,566,18115994.0,True
021231,工银中证A50ETF联接A,工银中证A50ETF联接,A,指数型-股票,561230,中证A50ETF工银,中证A50,equity_broad,100.0,HIGH,name_underlying_issuer_v1,566,19187682.0,True
021377,兴业中证港股通互联网ETF联接A,兴业中证港股通互联网ETF联接,A,指数型-股票,520790,港股通互联网ETF兴业,港股通互联网,overseas,100.0,HIGH,name_underlying_issuer_v1,75,11680485.5,True
021415,泰康红利低波ETF联接A,泰康红利低波ETF联接,A,指数型-股票,560150,红利低波ETF泰康,红利低波,equity_dividend,100.0,HIGH,name_underlying_issuer_v1,553,9074076.0,True
021457,易方达恒生红利低波ETF联接A,易方达恒生红利低波ETF联接,A,指数型-股票,515180,红利ETF易方达,红利,equity_dividend,100.0,HIGH,name_underlying_issuer_v1,1592,404295002.0,True
021550,博时中证红利低波动100ETF联接A,博时中证红利低波动100ETF联接,A,指数型-股票,515890,红利ETF博时,红利,equity_dividend,100.0,HIGH,name_underlying_issuer_v1,1514,8388537.5,True
021673,国泰黄金股ETF联接A,国泰黄金股ETF联接,A,指数型-股票,518800,黄金ETF国泰,黄金,commodity,100.0,HIGH,name_underlying_issuer_v1,3153,491387485.5,True
021749,易方达创业板成长ETF联接发起式A,易方达创业板成长ETF联接发起式,A,指数型-股票,159915,创业板ETF易方达,创业板,equity_broad,100.0,HIGH,name_underlying_issuer_v1,3544,5797278773.5,True
021752,南方电力ETF联接A,南方电力ETF联接,A,指数型-股票,560580,电力ETF南方,电力,equity_thematic,100.0,HIGH,name_underlying_issuer_v1,772,14906668.0,True
021778,广发纳指100ETF联接(QDII)人民币F,广发纳指100ETF联接人民币,F,指数型-海外股票,159941,纳指ETF广发,纳指,overseas,100.0,HIGH,name_underlying_issuer_v1,2676,1788211947.5,True
021893,易方达半导体设备ETF联接A,易方达半导体设备ETF联接,A,指数型-股票,159558,半导体设备ETF易方达,半导体设备,equity_thematic,100.0,HIGH,name_underlying_issuer_v1,506,990225394.0,True
021949,南方深证主板50ETF联接A,南方深证主板50ETF联接,A,指数型-股票,159578,深证主板50ETF南方,深证主板50,equity_broad,100.0,HIGH,name_underlying_issuer_v1,511,394847.0,True
021971,南方港股通央企红利ETF联接A,南方港股通央企红利ETF联接,A,指数型-股票,520660,港股通央企红利ETF南方,港股通央企红利,overseas,100.0,HIGH,name_underlying_issuer_v1,490,86082095.5,True
022097,长城中证红利低波100ETF联接A,长城中证红利低波100ETF联接,A,指数型-股票,159228,红利低波ETF长城,红利低波,equity_dividend,100.0,HIGH,name_underlying_issuer_v1,264,368505.0,True
022330,鑫元中证800红利低波动ETF联接A,鑫元中证800红利低波动ETF联接,A,指数型-股票,563980,800红利低波ETF鑫元,800红利低波,equity_dividend,100.0,HIGH,name_underlying_issuer_v1,168,3433818.5,True
022424,广发中证A500ETF联接A,广发中证A500ETF联接,A,指数型-股票,563800,A500ETF广发,A500,equity_broad,100.0,HIGH,name_underlying_issuer_v1,404,482609539.5,True
022426,泰康中证A500ETF联接A,泰康中证A500ETF联接,A,指数型-股票,560510,中证A500ETF泰康,中证A500,equity_broad,100.0,HIGH,name_underlying_issuer_v1,428,67026609.5,True
022428,天弘中证A500ETF联接A,天弘中证A500ETF联接,A,指数型-股票,159360,A500ETF天弘,A500,equity_broad,100.0,HIGH,name_underlying_issuer_v1,396,47360170.0,True
022430,华夏中证A500ETF联接A,华夏中证A500ETF联接,A,指数型-股票,159601,A50ETF华夏,A50,equity_broad,100.0,HIGH,name_underlying_issuer_v1,1138,77098203.0,True
022434,南方中证A500ETF联接A,南方中证A500ETF联接,A,指数型-股票,159352,A500ETF南方,A500,equity_broad,100.0,HIGH,name_underlying_issuer_v1,428,3340736944.0,True
022436,摩根中证A500ETF联接A,摩根中证A500ETF联接,A,指数型-股票,560350,中证A50ETF摩根,中证A50,equity_broad,100.0,HIGH,name_underlying_issuer_v1,570,33174001.0,True
022438,华泰柏瑞中证A500ETF联接A,华泰柏瑞中证A500ETF联接,A,指数型-股票,563350,A50ETF华泰柏瑞,A50,equity_broad,100.0,HIGH,name_underlying_issuer_v1,563,15565331.5,True
022442,工银中证A500ETF联接A,工银中证A500ETF联接,A,指数型-股票,561230,中证A50ETF工银,中证A50,equity_broad,100.0,HIGH,name_underlying_issuer_v1,566,19187682.0,True
022444,景顺长城中证A500ETF联接A,景顺长城中证A500ETF联接,A,指数型-股票,159353,中证A500ETF景顺,中证A500,equity_broad,100.0,HIGH,name_underlying_issuer_v1,428,180058136.0,True
022453,嘉实中证A500ETF联接A,嘉实中证A500ETF联接,A,指数型-股票,562890,A50ETF嘉实,A50,equity_broad,100.0,HIGH,name_underlying_issuer_v1,566,18115994.0,True
022457,博时中证A500ETF联接A,博时中证A500ETF联接,A,指数型-股票,159357,A500ETF博时,A500,equity_broad,100.0,HIGH,name_underlying_issuer_v1,396,28752016.0,True
022459,易方达中证A500ETF联接A,易方达中证A500ETF联接,A,指数型-股票,563080,中证A50ETF易方达,中证A50,equity_broad,100.0,HIGH,name_underlying_issuer_v1,566,35236925.5,True
022469,汇添富中证A500ETF联接A,汇添富中证A500ETF联接,A,指数型-股票,563880,A500ETF汇添富,A500,equity_broad,100.0,HIGH,name_underlying_issuer_v1,399,115145987.5,True
022627,博时中证A100ETF联接A,博时中证A100ETF联接,A,指数型-股票,561770,A100ETF博时,A100,equity_thematic,100.0,HIGH,name_underlying_issuer_v1,260,2287506.0,True
022665,鹏华中证A500ETF联接A,鹏华中证A500ETF联接,A,指数型-股票,512020,A500ETF鹏华,A500,equity_broad,100.0,HIGH,name_underlying_issuer_v1,394,71021547.0,True
022731,平安中证汽车零部件主题ETF联接A,平安中证汽车零部件主题ETF联接,A,指数型-股票,159306,汽车零部件ETF平安,汽车零部件,equity_thematic,100.0,HIGH,name_underlying_issuer_v1,529,1733509.5,True
022869,华夏公用事业ETF联接A,华夏公用事业ETF联接,A,指数型-股票,159301,公用事业ETF华夏,公用事业,equity_thematic,100.0,HIGH,name_underlying_issuer_v1,482,23276600.5,True
023055,富国科创50ETF联接A,富国科创50ETF联接,A,指数型-股票,588940,科创50ETF富国,科创50,equity_broad,100.0,HIGH,name_underlying_issuer_v1,275,79811924.5,True
023064,申万菱信沪深300价值ETF联接A,申万菱信沪深300价值ETF联接,A,指数型-股票,560330,沪深300价值ETF申万菱信,沪深300价值,equity_dividend,100.0,HIGH,name_underlying_issuer_v1,765,684258.0,True
023108,广发中证A50ETF联接A,广发中证A50ETF联接,A,指数型-股票,159136,A50ETF广发,A50,equity_broad,100.0,HIGH,name_underlying_issuer_v1,134,1619898.0,True
023146,中金沪深300ETF联接A,中金沪深300ETF联接,A,指数型-股票,510320,沪深300ETF中金,沪深300,equity_broad,100.0,HIGH,name_underlying_issuer_v1,298,24024098.5,True
023148,兴业上证180ETF联接A,兴业上证180ETF联接,A,指数型-股票,530680,上证180ETF兴业,上证180,equity_broad,100.0,HIGH,name_underlying_issuer_v1,368,5839477.5,True
023179,华泰柏瑞上证180ETF联接A,华泰柏瑞上证180ETF联接,A,指数型-股票,530300,上证180ETF华泰柏瑞,上证180,equity_broad,100.0,HIGH,name_underlying_issuer_v1,366,6866320.5,True
023184,平安中证A500ETF联接A,平安中证A500ETF联接,A,指数型-股票,159593,中证A50ETF平安,中证A50,equity_broad,100.0,HIGH,name_underlying_issuer_v1,570,59081542.0,True
023228,易方达上证180ETF联接A,易方达上证180ETF联接,A,指数型-股票,530180,上证180ETF易方达,上证180,equity_broad,100.0,HIGH,name_underlying_issuer_v1,376,9202090.0,True
023321,华宝中证800红利低波动ETF联接A,华宝中证800红利低波动ETF联接,A,指数型-股票,159355,800红利低波ETF华宝,800红利低波,equity_dividend,100.0,HIGH,name_underlying_issuer_v1,393,1602816.0,True
023414,工银创业板50ETF联接A,工银创业板50ETF联接,A,指数型-股票,159958,创业板ETF工银,创业板,equity_broad,100.0,HIGH,name_underlying_issuer_v1,2058,10383544.0,True
023429,嘉实创业板50ETF联接A,嘉实创业板50ETF联接,A,指数型-股票,159373,创业板50ETF嘉实,创业板50,equity_broad,100.0,HIGH,name_underlying_issuer_v1,351,60624472.5,True
023444,前海开源中证500等权ETF联接A,前海开源中证500等权ETF联接,A,指数型-股票,515590,500等权ETF前海开源,500等权,equity_broad,100.0,HIGH,name_underlying_issuer_v1,1569,1294138.5,True
023479,万家中证全指公用事业ETF联接A,万家中证全指公用事业ETF联接,A,指数型-股票,560620,公用事业ETF万家,公用事业,equity_thematic,100.0,HIGH,name_underlying_issuer_v1,432,554602.0,True
023483,中金中证A500ETF联接A,中金中证A500ETF联接,A,指数型-股票,512080,A500ETF中金,A500,equity_broad,100.0,HIGH,name_underlying_issuer_v1,359,26323736.5,True
023536,博时中证金融科技主题ETF联接A,博时中证金融科技主题ETF联接,A,指数型-股票,516860,金融科技ETF博时,金融科技,equity_thematic,100.0,HIGH,name_underlying_issuer_v1,1158,61131001.0,True
023547,平安上证180ETF联接A,平安上证180ETF联接,A,指数型-股票,530280,上证180ETF平安,上证180,equity_broad,100.0,HIGH,name_underlying_issuer_v1,356,117958.0,True
023564,易方达科创人工智能ETF联接A,易方达科创人工智能ETF联接,A,指数型-股票,159819,人工智能ETF易方达,人工智能,equity_thematic,100.0,HIGH,name_underlying_issuer_v1,1407,803746282.5,True
023572,万家中证港股通央企红利ETF联接A,万家中证港股通央企红利ETF联接,A,指数型-股票,159581,红利ETF万家,红利,equity_dividend,100.0,HIGH,name_underlying_issuer_v1,567,22928127.5,True
023638,国泰A股电网设备ETF联接A,国泰A股电网设备ETF联接,A,指数型-股票,561380,电网设备ETF国泰,电网设备,equity_thematic,100.0,HIGH,name_underlying_issuer_v1,379,219970165.5,True
023830,华泰柏瑞创业板50ETF联接A,华泰柏瑞创业板50ETF联接,A,指数型-股票,159383,创业板50ETF华泰柏瑞,创业板50,equity_broad,100.0,HIGH,name_underlying_issuer_v1,347,4671060.5,True
023865,兴业中证A500ETF联接A,兴业中证A500ETF联接,A,指数型-股票,563650,中证A500ETF兴业,中证A500,equity_broad,100.0,HIGH,name_underlying_issuer_v1,313,12565345.0,True
023876,申万菱信中证A500ETF联接A,申万菱信中证A500ETF联接,A,指数型-股票,560750,A500ETF申万菱信,A500,equity_broad,100.0,HIGH,name_underlying_issuer_v1,352,9695415.5,True
023919,国泰富时现金流ETF联接A,国泰富时现金流ETF联接,A,指数型-股票,159399,现金流ETF国泰,现金流,equity_thematic,100.0,HIGH,name_underlying_issuer_v1,338,162255314.0,True
023949,银河中证A500ETF联接A,银河中证A500ETF联接,A,指数型-股票,563660,A500ETF银河,A500,equity_broad,100.0,HIGH,name_underlying_issuer_v1,314,8858335.0,True
024002,汇添富国证自由现金流ETF联接A,汇添富国证自由现金流ETF联接,A,指数型-股票,518680,金ETF富国,金,equity_thematic,100.0,HIGH,name_underlying_issuer_v1,1448,150671222.0,True
024011,万家沪深300ETF联接A,万家沪深300ETF联接,A,指数型-股票,159393,沪深300ETF万家,沪深300,equity_broad,100.0,HIGH,name_underlying_issuer_v1,331,20230057.0,True
024029,招商港股通红利低波ETF联接A,招商港股通红利低波ETF联接,A,指数型-股票,513990,港股通ETF招商,港股通,overseas,100.0,HIGH,name_underlying_issuer_v1,1433,24889395.5,True
024063,汇添富创业板ETF联接A,汇添富创业板ETF联接,A,指数型-股票,159247,创业板ETF汇添富,创业板,equity_broad,100.0,HIGH,name_underlying_issuer_v1,109,26893349.0,True
024078,长城国证自由现金流ETF联接A,长城国证自由现金流ETF联接,A,指数型-股票,159166,现金流ETF长城,现金流,equity_thematic,100.0,HIGH,name_underlying_issuer_v1,83,2772919.5,True
024146,富国深证100ETF联接A,富国深证100ETF联接,A,指数型-股票,159211,深证100ETF富国,深证100,equity_broad,100.0,HIGH,name_underlying_issuer_v1,307,2240988.5,True
024218,融通中证诚通央企红利ETF联接A,融通中证诚通央企红利ETF联接,A,指数型-股票,159336,央企红利ETF融通,央企红利,equity_dividend,100.0,HIGH,name_underlying_issuer_v1,349,6507379.5,True
024247,工银港股红利ETF联接A,工银港股红利ETF联接,A,指数型-股票,159905,红利ETF工银,红利,equity_dividend,100.0,HIGH,name_underlying_issuer_v1,3767,42547407.5,True
024266,融通中证诚通央企ESGETF联接A,融通中证诚通央企ESGETF联接,A,指数型-股票,560810,央企ESGETF融通,央企ESG,equity_thematic,100.0,HIGH,name_underlying_issuer_v1,389,1111149.5,True
024298,浦银安盛中证A500ETF联接A,浦银安盛中证A500ETF联接,A,指数型-股票,159376,A500ETF浦银,A500,equity_broad,100.0,HIGH,name_underlying_issuer_v1,365,7304502.0,True
024328,易方达恒生港股通创新药ETF联接发起式A,易方达恒生港股通创新药ETF联接发起式,A,指数型-股票,516080,创新药ETF易方达,创新药,equity_thematic,100.0,HIGH,name_underlying_issuer_v1,1310,73600272.5,True
024411,华夏上证科创板人工智能ETF联接A,华夏上证科创板人工智能ETF联接,A,指数型-股票,515070,人工智能ETF华夏,人工智能,equity_thematic,100.0,HIGH,name_underlying_issuer_v1,1590,279027091.5,True
024564,易方达中证红利价值ETF联接A,易方达中证红利价值ETF联接,A,指数型-股票,515180,红利ETF易方达,红利,equity_dividend,100.0,HIGH,name_underlying_issuer_v1,1592,404295002.0,True
024566,易方达国证自由现金流ETF联接A,易方达国证自由现金流ETF联接,A,指数型-股票,159222,自由现金流ETF易方达,自由现金流,equity_thematic,100.0,HIGH,name_underlying_issuer_v1,304,80865416.5,True
024570,银华国证自由现金流ETF联接A,银华国证自由现金流ETF联接,A,指数型-股票,159225,现金流ETF银华,现金流,equity_thematic,100.0,HIGH,name_underlying_issuer_v1,304,6660871.5,True
024574,嘉实国证自由现金流ETF联接A,嘉实国证自由现金流ETF联接,A,指数型-股票,159831,金ETF嘉实,金,equity_thematic,100.0,HIGH,name_underlying_issuer_v1,1038,31013077.0,True
024613,摩根沪深300自由现金流ETF联接A,摩根沪深300自由现金流ETF联接,A,指数型-股票,563900,300自由现金流ETF摩根,300自由现金流,equity_broad,100.0,HIGH,name_underlying_issuer_v1,293,29896426.0,True
024655,鹏华中证800自由现金流ETF联接A,鹏华中证800自由现金流ETF联接,A,指数型-股票,159800,中证800ETF鹏华,中证800,equity_broad,100.0,HIGH,name_underlying_issuer_v1,488,619476.0,True
024713,博时国证大盘价值ETF联接A,博时国证大盘价值ETF联接,A,指数型-股票,159391,大盘价值ETF博时,大盘价值,equity_dividend,100.0,HIGH,name_underlying_issuer_v1,301,1602296.5,True
024725,南方创业板人工智能ETF联接A,南方创业板人工智能ETF联接,A,指数型-股票,159948,创业板ETF南方,创业板,equity_broad,100.0,HIGH,name_underlying_issuer_v1,2458,103761811.0,True
024745,汇添富中证800自由现金流ETF联接A,汇添富中证800自由现金流ETF联接,A,指数型-股票,515800,中证800ETF汇添富,中证800,equity_broad,100.0,HIGH,name_underlying_issuer_v1,1596,119919427.5,True
024761,富国中证800自由现金流ETF联接A,富国中证800自由现金流ETF联接,A,指数型-股票,518680,金ETF富国,金,equity_thematic,100.0,HIGH,name_underlying_issuer_v1,1448,150671222.0,True
024814,汇添富沪深300自由现金流ETF联接A,汇添富沪深300自由现金流ETF联接,A,指数型-股票,159912,深300ETF汇添富,深300,equity_broad,100.0,HIGH,name_underlying_issuer_v1,3554,1846916.5,True
024862,万家创业板50ETF联接A,万家创业板50ETF联接,A,指数型-股票,159372,创业板50ETF万家,创业板50,equity_broad,100.0,HIGH,name_underlying_issuer_v1,271,4235381.5,True
024881,南方创业板200ETF联接A,南方创业板200ETF联接,A,指数型-股票,159948,创业板ETF南方,创业板,equity_broad,100.0,HIGH,name_underlying_issuer_v1,2458,103761811.0,True
024885,天弘港股科技ETF联接A,天弘港股科技ETF联接,A,指数型-股票,159128,港股科技ETF天弘,港股科技,overseas,100.0,HIGH,name_underlying_issuer_v1,164,104349130.5,True
024887,平安中证全指自由现金流ETF联接A,平安中证全指自由现金流ETF联接,A,指数型-股票,159233,自由现金流ETF平安,自由现金流,equity_thematic,100.0,HIGH,name_underlying_issuer_v1,274,37244497.5,True
024893,易方达中证国资央企50ETF联接发起式A,易方达中证国资央企50ETF联接发起式,A,指数型-股票,563060,央企50ETF易方达,央企50,equity_broad,100.0,HIGH,name_underlying_issuer_v1,285,1756567.5,True
024920,大成创业板50ETF联接A,大成创业板50ETF联接,A,指数型-股票,159298,创业板50ETF大成,创业板50,equity_broad,100.0,HIGH,name_underlying_issuer_v1,206,7354655.5,True
024943,华夏上证580ETF联接A,华夏上证580ETF联接,A,指数型-股票,530530,上证580ETF华夏,上证580,equity_broad,100.0,HIGH,name_underlying_issuer_v1,212,2858310.5,True
024949,易方达上证380ETF联接A,易方达上证380ETF联接,A,指数型-股票,530380,上证380ETF易方达,上证380,equity_broad,100.0,HIGH,name_underlying_issuer_v1,190,4798347.0,True
024951,易方达上证580ETF联接A,易方达上证580ETF联接,A,指数型-股票,530100,上证580ETF易方达,上证580,equity_broad,100.0,HIGH,name_underlying_issuer_v1,180,4650816.5,True
024972,景顺长城中证芯片产业ETF联接A,景顺长城中证芯片产业ETF联接,A,指数型-股票,159560,芯片ETF景顺,芯片,equity_thematic,100.0,HIGH,name_underlying_issuer_v1,644,33191709.5,True
024978,易方达科创200ETF联接A,易方达科创200ETF联接,A,指数型-股票,588270,科创200ETF易方达,科创200,equity_broad,100.0,HIGH,name_underlying_issuer_v1,266,26473535.0,True
024982,国泰创业板医药ETF联接A,国泰创业板医药ETF联接,A,指数型-股票,159377,创业板医药ETF国泰,创业板医药,equity_broad,100.0,HIGH,name_underlying_issuer_v1,305,15858581.5,True
025027,东财科创50ETF联接A,东财科创50ETF联接,A,指数型-股票,589850,科创50ETF东财,科创50,equity_broad,100.0,HIGH,name_underlying_issuer_v1,226,100292408.0,True
025168,永赢国证自由现金流ETF联接A,永赢国证自由现金流ETF联接,A,指数型-股票,159223,现金流ETF永赢,现金流,equity_thematic,100.0,HIGH,name_underlying_issuer_v1,253,11002665.0,True
025197,广发港股通科技ETF联接A,广发港股通科技ETF联接,A,指数型-股票,159262,港股通科技ETF广发,港股通科技,overseas,100.0,HIGH,name_underlying_issuer_v1,251,601620833.5,True
025200,景顺长城国证港股通红利低波动率ETF联接A,景顺长城国证港股通红利低波动率ETF联接,A,指数型-股票,159228,红利低波ETF长城,红利低波,equity_dividend,100.0,HIGH,name_underlying_issuer_v1,264,368505.0,True
025398,银华创业板综合ETF联接A,银华创业板综合ETF联接,A,指数型-股票,159288,创业板综ETF银华,创业板综,equity_broad,100.0,HIGH,name_underlying_issuer_v1,192,3069731.5,True
025423,华夏中证500自由现金流ETF联接A,华夏中证500自由现金流ETF联接,A,指数型-股票,512500,中证500ETF华夏,中证500,equity_broad,100.0,HIGH,name_underlying_issuer_v1,2660,637545160.5,True
025478,华夏上证180ETF联接A,华夏上证180ETF联接,A,指数型-股票,510670,上证180ETF华夏,上证180,equity_broad,100.0,HIGH,name_underlying_issuer_v1,175,3919382.0,True
025497,易方达国证价值100ETF联接发起式A,易方达国证价值100ETF联接发起式,A,指数型-股票,159263,价值ETF易方达,价值,equity_dividend,100.0,HIGH,name_underlying_issuer_v1,250,241431606.0,True
025682,广发高股息ETF联接A,广发高股息ETF联接,A,指数型-股票,159207,高股息ETF广发,高股息,equity_dividend,100.0,HIGH,name_underlying_issuer_v1,310,103478348.0,True
025719,嘉实恒生港股通科技主题ETF联接A,嘉实恒生港股通科技主题ETF联接,A,指数型-股票,515860,科技ETF嘉实,科技,equity_thematic,100.0,HIGH,name_underlying_issuer_v1,1635,9439767.5,True
025765,永赢国证港股通互联网ETF联接A,永赢国证港股通互联网ETF联接,A,指数型-股票,159170,港股通互联网ETF永赢,港股通互联网,overseas,100.0,HIGH,name_underlying_issuer_v1,82,29541127.5,True
025805,华夏国证港股通科技ETF联接A,华夏国证港股通科技ETF联接,A,指数型-股票,159101,港股通科技ETF华夏,港股通科技,overseas,100.0,HIGH,name_underlying_issuer_v1,209,300038333.5,True
025868,博时创业板综合ETF联接A,博时创业板综合ETF联接,A,指数型-股票,159908,创业板ETF博时,创业板,equity_broad,100.0,HIGH,name_underlying_issuer_v1,3548,55048261.5,True
025958,南方中证全指自由现金流ETF联接A,南方中证全指自由现金流ETF联接,A,指数型-股票,159834,金ETF南方,金,equity_thematic,100.0,HIGH,name_underlying_issuer_v1,1052,52018183.0,True
026095,易方达创业板50ETF联接A,易方达创业板50ETF联接,A,指数型-股票,159915,创业板ETF易方达,创业板,equity_broad,100.0,HIGH,name_underlying_issuer_v1,3544,5797278773.5,True
026265,广发储能电池ETF联接A,广发储能电池ETF联接,A,指数型-股票,159755,电池ETF广发,电池,equity_thematic,100.0,HIGH,name_underlying_issuer_v1,1228,727428456.5,True
026444,易方达中证细分有色金属产业主题ETF联接A,易方达中证细分有色金属产业主题ETF联接,A,指数型-股票,560470,有色ETF易方达,有色,commodity,100.0,HIGH,name_underlying_issuer_v1,53,12178396.0,True
026458,银华中证有色金属ETF联接A,银华中证有色金属ETF联接,A,指数型-股票,159871,有色ETF银华,有色,commodity,100.0,HIGH,name_underlying_issuer_v1,1284,59076264.5,True
026606,南方中证港股通50ETF联接A,南方中证港股通50ETF联接,A,指数型-股票,159126,港股通50ETF南方,港股通50,overseas,100.0,HIGH,name_underlying_issuer_v1,172,11454137.5,True
026646,易方达恒生港股通汽车主题ETF联接发起式A,易方达恒生港股通汽车主题ETF联接发起式,A,指数型-股票,513210,恒生ETF易方达,恒生,overseas,100.0,HIGH,name_underlying_issuer_v1,543,6396325.0,True
026720,平安中证光伏产业ETF联接发起式A,平安中证光伏产业ETF联接发起式,A,指数型-股票,516180,光伏ETF平安,光伏,equity_thematic,100.0,HIGH,name_underlying_issuer_v1,1304,10082044.0,True
026734,摩根恒生港股通50ETF联接A,摩根恒生港股通50ETF联接,A,指数型-股票,520950,港股通50ETF摩根,港股通50,overseas,100.0,HIGH,name_underlying_issuer_v1,156,26189592.0,True
026772,中银证券创业板ETF联接A,中银证券创业板ETF联接,A,指数型-股票,159821,创业板ETF中银证券,创业板,equity_broad,100.0,HIGH,name_underlying_issuer_v1,1383,2344130.5,True
026795,鹏华恒生ETF联接A,鹏华恒生ETF联接,A,指数型-股票,159271,恒生ETF鹏华,恒生,overseas,100.0,HIGH,name_underlying_issuer_v1,226,4210593.0,True
026860,华夏中证A500增强策略ETF联接A,华夏中证A500增强策略ETF联接,A,指数型-股票,159601,A50ETF华夏,A50,equity_broad,100.0,HIGH,name_underlying_issuer_v1,1138,77098203.0,True
026862,易方达恒生生物科技ETF联接发起式A,易方达恒生生物科技ETF联接发起式,A,指数型-股票,159807,科技ETF易方达,科技,equity_thematic,100.0,HIGH,name_underlying_issuer_v1,1528,68536992.0,True
026884,招商港股通科技ETF联接A,招商港股通科技ETF联接,A,指数型-股票,513990,港股通ETF招商,港股通,overseas,100.0,HIGH,name_underlying_issuer_v1,1433,24889395.5,True
026931,广发中证全指食品ETF联接A,广发中证全指食品ETF联接,A,指数型-股票,563850,食品ETF广发,食品,equity_thematic,100.0,HIGH,name_underlying_issuer_v1,138,2238269.5,True
026954,华夏中证全指食品ETF联接A,华夏中证全指食品ETF联接,A,指数型-股票,159151,食品ETF华夏,食品,equity_thematic,100.0,HIGH,name_underlying_issuer_v1,122,11866094.0,True
027047,景顺长城中证科创创业人工智能ETF联接A,景顺长城中证科创创业人工智能ETF联接,A,指数型-股票,159142,科创创业人工智能ETF景顺,科创创业人工智能,equity_broad,100.0,HIGH,name_underlying_issuer_v1,143,86540756.5,True
027113,易方达中证港股通医疗主题ETF联接发起式A,易方达中证港股通医疗主题ETF联接发起式,A,指数型-股票,159847,医疗ETF易方达,医疗,equity_thematic,100.0,HIGH,name_underlying_issuer_v1,1211,26561432.5,True
027144,易方达中证金融科技主题ETF联接A,易方达中证金融科技主题ETF联接,A,指数型-股票,159807,科技ETF易方达,科技,equity_thematic,100.0,HIGH,name_underlying_issuer_v1,1528,68536992.0,True
027254,兴全沪深300质量ETF联接A,兴全沪深300质量ETF联接,A,指数型-股票,563960,300质量ETF兴全,300质量,equity_broad,100.0,HIGH,name_underlying_issuer_v1,126,4801292.5,True
027434,嘉实中证新能源ETF联接A,嘉实中证新能源ETF联接,A,指数型-股票,159875,新能源ETF嘉实,新能源,equity_thematic,100.0,HIGH,name_underlying_issuer_v1,1190,112624462.0,True
027494,易方达中证电池主题ETF联接发起式A,易方达中证电池主题ETF联接发起式,A,指数型-股票,159175,电池ETF易方达,电池,equity_thematic,100.0,HIGH,name_underlying_issuer_v1,92,38826845.0,True
027520,广发科创芯片设计ETF联接A,广发科创芯片设计ETF联接,A,指数型-股票,159801,芯片ETF广发,芯片,equity_thematic,100.0,HIGH,name_underlying_issuer_v1,1557,346936532.0,True
027596,景顺长城中证有色金属矿业主题ETF联接A,景顺长城中证有色金属矿业主题ETF联接,A,指数型-股票,560290,有色ETF景顺,有色,commodity,100.0,HIGH,name_underlying_issuer_v1,105,8938362.5,True
027604,易方达中证工程机械主题ETF联接A,易方达中证工程机械主题ETF联接,A,指数型-股票,159138,工程机械ETF易方达,工程机械,equity_thematic,100.0,HIGH,name_underlying_issuer_v1,123,15070843.5,True
027606,易方达上证科创板芯片设计主题ETF联接A,易方达上证科创板芯片设计主题ETF联接,A,指数型-股票,516350,芯片ETF易方达,芯片,equity_thematic,100.0,HIGH,name_underlying_issuer_v1,1105,207988395.5,True
027747,易方达中证全指红利质量ETF联接发起式A,易方达中证全指红利质量ETF联接发起式,A,指数型-股票,515180,红利ETF易方达,红利,equity_dividend,100.0,HIGH,name_underlying_issuer_v1,1592,404295002.0,True
027858,易方达国证成长100ETF联接发起式A,易方达国证成长100ETF联接发起式,A,指数型-股票,159259,成长ETF易方达,成长,equity_thematic,100.0,HIGH,name_underlying_issuer_v1,213,426409058.0,True
040046,华安纳斯达克100ETF联接(QDII)A,华安纳斯达克100ETF联接,A,指数型-海外股票,159632,纳斯达克ETF华安,纳斯达克,overseas,100.0,HIGH,name_underlying_issuer_v1,958,379480505.0,True
040180,华安上证180ETF联接A,华安上证180ETF联接,A,指数型-股票,510180,上证180ETF华安,上证180,equity_broad,100.0,HIGH,name_underlying_issuer_v1,4900,111678176.5,True
040190,华安上证50ETF联接A,华安上证50ETF联接,A,指数型-股票,510190,上证50ETF华安,上证50,equity_broad,100.0,HIGH,name_underlying_issuer_v1,3720,1818694.5,True
050013,博时上证超大盘ETF联接A,博时上证超大盘ETF联接,A,指数型-股票,510020,超大盘ETF博时,超大盘,equity_thematic,100.0,HIGH,name_underlying_issuer_v1,3956,3128904.0,True
050021,博时创业板ETF联接A,博时创业板ETF联接,A,指数型-股票,159908,创业板ETF博时,创业板,equity_broad,100.0,HIGH,name_underlying_issuer_v1,3548,55048261.5,True
050024,博时上证自然资源ETF联接A,博时上证自然资源ETF联接,A,指数型-股票,510410,资源ETF博时,资源,equity_thematic,100.0,HIGH,name_underlying_issuer_v1,3446,25526521.5,True
050025,博时标普500ETF联接A,博时标普500ETF联接,A,指数型-海外股票,513500,标普500ETF博时,标普500,overseas,100.0,HIGH,name_underlying_issuer_v1,3038,368503526.0,True
070030,嘉实中创400ETF联接A,嘉实中创400ETF联接,A,指数型-股票,159918,中创400ETF嘉实,中创400,equity_thematic,100.0,HIGH,name_underlying_issuer_v1,3374,1558164.0,True
100053,富国上证指数ETF联接A,富国上证指数ETF联接,A,指数型-股票,510210,上证指数ETF富国,上证指数,equity_broad,100.0,HIGH,name_underlying_issuer_v1,3670,593920912.5,True
110019,易方达深证100ETF联接A,易方达深证100ETF联接,A,指数型-股票,159901,深证100ETF易方达,深证100,equity_broad,100.0,HIGH,name_underlying_issuer_v1,4914,439430465.5,True
110020,易方达沪深300ETF联接A,易方达沪深300ETF联接,A,指数型-股票,510310,沪深300ETF易方达,沪深300,equity_broad,100.0,HIGH,name_underlying_issuer_v1,3235,1834005135.0,True
110021,易方达上证中盘ETF联接A,易方达上证中盘ETF联接,A,指数型-股票,510130,上证中盘ETF易方达,上证中盘,equity_broad,100.0,HIGH,name_underlying_issuer_v1,3759,3565848.5,True
110026,易方达创业板ETF联接A,易方达创业板ETF联接,A,指数型-股票,159915,创业板ETF易方达,创业板,equity_broad,100.0,HIGH,name_underlying_issuer_v1,3544,5797278773.5,True
110031,易方达恒生国企ETF联接A,易方达恒生国企ETF联接,A,指数型-海外股票,513210,恒生ETF易方达,恒生,overseas,100.0,HIGH,name_underlying_issuer_v1,543,6396325.0,True
110032,易方达恒生国企ETF联接现汇A,易方达恒生国企ETF联接现汇,A,指数型-海外股票,513210,恒生ETF易方达,恒生,overseas,100.0,HIGH,name_underlying_issuer_v1,543,6396325.0,True
110033,易方达恒生国企ETF联接现钞A,易方达恒生国企ETF联接现钞,A,指数型-海外股票,513210,恒生ETF易方达,恒生,overseas,100.0,HIGH,name_underlying_issuer_v1,543,6396325.0,True
160119,南方中证500ETF联接(LOF)A,南方中证500ETF联接,A,指数型-股票,510500,中证500ETF南方,中证500,equity_broad,100.0,HIGH,name_underlying_issuer_v1,3239,3822136536.0,True
160224,国泰中证计算机主题ETF联接A,国泰中证计算机主题ETF联接,A,指数型-股票,512720,计算机ETF国泰,计算机,equity_thematic,100.0,HIGH,name_underlying_issuer_v1,1676,39505279.0,True
160418,华安中证银行ETF联接A,华安中证银行ETF联接,A,指数型-股票,516210,银行ETF华安,银行,equity_thematic,100.0,HIGH,name_underlying_issuer_v1,1164,11027511.0,True
160419,华安中证全指证券公司ETF联接A,华安中证全指证券公司ETF联接,A,指数型-股票,516200,证券ETF华安,证券,equity_thematic,100.0,HIGH,name_underlying_issuer_v1,1291,8825583.5,True
160422,华安创业板50ETF联接A,华安创业板50ETF联接,A,指数型-股票,159949,创业板50ETF华安,创业板50,equity_broad,100.0,HIGH,name_underlying_issuer_v1,2424,2240017947.0,True
160516,博时证券公司ETF联接A,博时证券公司ETF联接,A,指数型-股票,159260,证券ETF博时,证券,equity_thematic,100.0,HIGH,name_underlying_issuer_v1,171,9972189.0,True
160517,博时中证银行ETF联接A,博时中证银行ETF联接,A,指数型-股票,159253,银行ETF博时,银行,equity_thematic,100.0,HIGH,name_underlying_issuer_v1,147,5263112.0,True
160615,鹏华沪深300ETF联接(LOF)A,鹏华沪深300ETF联接,A,指数型-股票,159673,沪深300ETF鹏华,沪深300,equity_broad,100.0,HIGH,name_underlying_issuer_v1,728,44025274.5,True
160706,嘉实沪深300ETF联接A,嘉实沪深300ETF联接,A,指数型-股票,159919,沪深300ETF嘉实,沪深300,equity_broad,100.0,HIGH,name_underlying_issuer_v1,3434,1752919217.5,True
161022,富国创业板ETF联接A,富国创业板ETF联接,A,指数型-股票,159971,创业板ETF富国,创业板,equity_broad,100.0,HIGH,name_underlying_issuer_v1,1707,80644926.5,True
161121,易方达中证银行ETF联接(LOF)A,易方达中证银行ETF联接,A,指数型-股票,516310,银行ETF易方达,银行,equity_thematic,100.0,HIGH,name_underlying_issuer_v1,1246,118394940.5,True
161907,万家中证红利ETF联接A,万家中证红利ETF联接,A,指数型-股票,159581,红利ETF万家,红利,equity_dividend,100.0,HIGH,name_underlying_issuer_v1,567,22928127.5,True
162412,华宝医疗ETF联接A,华宝医疗ETF联接,A,指数型-股票,512170,医疗ETF华宝,医疗,equity_thematic,100.0,HIGH,name_underlying_issuer_v1,1719,568824649.5,True
162711,广发中证500ETF联接A,广发中证500ETF联接,A,指数型-股票,510510,中证500ETF广发,中证500,equity_broad,100.0,HIGH,name_underlying_issuer_v1,3196,72877686.5,True
162714,广发深证100ETF联接A,广发深证100ETF联接,A,指数型-股票,159576,深证100ETF广发,深证100,equity_broad,100.0,HIGH,name_underlying_issuer_v1,613,9731645.0,True
164809,工银中证500ETF联接A,工银中证500ETF联接,A,指数型-股票,510530,中证500ETF工银,中证500,equity_broad,100.0,HIGH,name_underlying_issuer_v1,1583,5728234.5,True
202015,南方沪深300ETF联接A,南方沪深300ETF联接,A,指数型-股票,159925,沪深300ETF南方,沪深300,equity_broad,100.0,HIGH,name_underlying_issuer_v1,3222,84339347.5,True
202025,南方上证380ETF联接A,南方上证380ETF联接,A,指数型-股票,510290,上证380ETF南方,上证380,equity_broad,100.0,HIGH,name_underlying_issuer_v1,3561,2828346.5,True
202211,南方中证A100ETF联接A,南方中证A100ETF联接,A,指数型-股票,560380,A100ETF南方,A100,equity_thematic,100.0,HIGH,name_underlying_issuer_v1,375,14515641.5,True
217017,招商上证消费80ETF联接A,招商上证消费80ETF联接,A,指数型-股票,510150,消费ETF招商,消费,equity_thematic,100.0,HIGH,name_underlying_issuer_v1,3726,33296527.5,True
217019,招商深证TMT50ETF联接A,招商深证TMT50ETF联接,A,指数型-股票,159909,TMT50ETF招商,TMT50,equity_broad,100.0,HIGH,name_underlying_issuer_v1,3550,11395962.5,True
240014,华宝中证A100ETF联接A,华宝中证A100ETF联接,A,指数型-股票,562000,A100ETF华宝,A100,equity_thematic,100.0,HIGH,name_underlying_issuer_v1,960,11281912.0,True
240016,华宝上证180价值ETF联接A,华宝上证180价值ETF联接,A,指数型-股票,510030,价值ETF华宝,价值,equity_dividend,100.0,HIGH,name_underlying_issuer_v1,3908,5263881.0,True
240019,华宝中证银行ETF联接A,华宝中证银行ETF联接,A,指数型-股票,512800,银行ETF华宝,银行,equity_thematic,100.0,HIGH,name_underlying_issuer_v1,2173,789764275.5,True
270010,广发沪深300ETF联接A,广发沪深300ETF联接,A,指数型-股票,510360,沪深300ETF广发,沪深300,equity_broad,100.0,HIGH,name_underlying_issuer_v1,2636,57971986.5,True
270026,广发国证2000ETF联接A,广发国证2000ETF联接,A,指数型-股票,159907,国证2000ETF广发,国证2000,equity_thematic,100.0,HIGH,name_underlying_issuer_v1,3618,10017637.0,True
410008,华富中证A100ETF联接A,华富中证A100ETF联接,A,指数型-股票,561880,A100ETF华富,A100,equity_thematic,100.0,HIGH,name_underlying_issuer_v1,356,6083978.0,True
460300,华泰柏瑞沪深300ETF联接A,华泰柏瑞沪深300ETF联接,A,指数型-股票,510300,沪深300ETF华泰柏瑞,沪深300,equity_broad,100.0,HIGH,name_underlying_issuer_v1,3436,4834807463.5,True
481012,工银深证红利ETF联接A,工银深证红利ETF联接,A,指数型-股票,159905,红利ETF工银,红利,equity_dividend,100.0,HIGH,name_underlying_issuer_v1,3767,42547407.5,True
501011,汇添富中证中药ETF联接(LOF)A,汇添富中证中药ETF联接,A,指数型-股票,560080,中药ETF汇添富,中药,equity_thematic,100.0,HIGH,name_underlying_issuer_v1,911,49477986.0,True
501036,汇添富中证500ETF联接(LOF)A,汇添富中证500ETF联接,A,指数型-股票,563750,中证500ETF汇添富,中证500,equity_broad,100.0,HIGH,name_underlying_issuer_v1,174,26321441.0,True
501047,汇添富中证全指证券公司ETF联接(LOF)A,汇添富中证全指证券公司ETF联接,A,指数型-股票,560090,证券ETF汇添富,证券,equity_thematic,100.0,HIGH,name_underlying_issuer_v1,810,135342793.5,True
501090,华宝中证消费龙头ETF联接A,华宝中证消费龙头ETF联接,A,指数型-股票,516130,消费龙头ETF华宝,消费龙头,equity_thematic,100.0,HIGH,name_underlying_issuer_v1,1156,11038284.0,True
501305,汇添富港股红利ETF联接A,汇添富港股红利ETF联接,A,指数型-股票,560020,红利ETF汇添富,红利,equity_dividend,100.0,HIGH,name_underlying_issuer_v1,669,2465771.0,True
502056,广发中证医疗ETF联接(LOF)A,广发中证医疗ETF联接,A,指数型-股票,560260,医疗ETF广发,医疗,equity_thematic,100.0,HIGH,name_underlying_issuer_v1,684,7614954.0,True
530010,建信上证社会责任ETF联接,建信上证社会责任ETF联接,,指数型-股票,510090,责任ETF建信,责任,equity_thematic,100.0,HIGH,name_underlying_issuer_v1,3586,32146.5,True
530015,建信深证基本面60ETF联接A,建信深证基本面60ETF联接,A,指数型-股票,159916,基本面ETF建信,基本面,equity_thematic,100.0,HIGH,name_underlying_issuer_v1,3416,1670886.5,True
019857,博时上证科创板100ETF联接A,博时上证科创板100ETF联接,A,指数型-股票,588030,科创100ETF博时,科创100,equity_broad,58.833,LOW,name_underlying_issuer_v1,684,267565711.0,False
019859,银华上证科创板100ETF联接A,银华上证科创板100ETF联接,A,指数型-股票,588190,科创100ETF银华,科创100,equity_broad,58.833,LOW,name_underlying_issuer_v1,684,178958701.0,False
020683,南方上证科创板100ETF联接A,南方上证科创板100ETF联接,A,指数型-股票,588900,科创100ETF南方,科创100,equity_broad,58.833,LOW,name_underlying_issuer_v1,624,10328045.0,False
023621,华夏上证科创板200ETF联接A,华夏上证科创板200ETF联接,A,指数型-股票,588820,科创200ETF华夏,科创200,equity_broad,58.833,LOW,name_underlying_issuer_v1,370,31692221.0,False
023686,建信上证科创板200ETF联接A,建信上证科创板200ETF联接,A,指数型-股票,589820,科创200ETF建信,科创200,equity_broad,58.833,LOW,name_underlying_issuer_v1,201,11089579.5,False
023748,广发上证科创板200ETF联接A,广发上证科创板200ETF联接,A,指数型-股票,588140,科创200ETF广发,科创200,equity_broad,58.833,LOW,name_underlying_issuer_v1,185,10646743.5,False
023926,鹏华上证科创板200ETF联接A,鹏华上证科创板200ETF联接,A,指数型-股票,588240,科创200ETF鹏华,科创200,equity_broad,58.833,LOW,name_underlying_issuer_v1,340,54393534.5,False
006214,平安500ETF联接A,平安500ETF联接,A,指数型-股票,159215,A500ETF平安,A500,equity_broad,54.905,LOW,name_underlying_issuer_v1,312,12473233.0,False
005639,平安300ETF联接A,平安300ETF联接,A,指数型-股票,510390,沪深300ETF平安,沪深300,equity_broad,51.0,LOW,name_underlying_issuer_v1,2053,4900158.0,False
470068,汇添富深证300ETF联接A,汇添富深证300ETF联接,A,指数型-股票,159912,深300ETF汇添富,深300,equity_broad,49.667,LOW,name_underlying_issuer_v1,3554,1846916.5,False
020293,易方达上证科创板100ETF联接发起式A,易方达上证科创板100ETF联接发起式,A,指数型-股票,588220,科创100ETF鹏华,科创100,equity_broad,48.065,LOW,name_underlying_issuer_v1,684,645038920.5,False
023001,汇添富上证科创板100ETF联接A,汇添富上证科创板100ETF联接,A,指数型-股票,588220,科创100ETF鹏华,科创100,equity_broad,48.065,LOW,name_underlying_issuer_v1,684,645038920.5,False
022728,中银上证科创板50ETF联接A,中银上证科创板50ETF联接,A,指数型-股票,510050,上证50ETF华夏,上证50,equity_broad,45.983,LOW,name_underlying_issuer_v1,5201,2876115996.5,False
024752,华宝科创板综合增强策略ETF联接A,华宝科创板综合增强策略ETF联接,A,指数型-股票,588670,科创综指增强ETF嘉实,科创综指增强,equity_broad,45.588,LOW,name_underlying_issuer_v1,267,3289324.0,False
023757,鹏华上证科创综合ETF联接A,鹏华上证科创综合ETF联接,A,指数型-股票,589680,科创综指ETF鹏华,科创综指,equity_broad,44.912,LOW,name_underlying_issuer_v1,334,154182558.0,False
025727,南方上证科创板50成份ETF联接A,南方上证科创板50成份ETF联接,A,指数型-股票,159578,深证主板50ETF南方,深证主板50,equity_broad,44.471,LOW,name_underlying_issuer_v1,511,394847.0,False
006743,国联央视财经50ETF联接A,国联央视财经50ETF联接,A,指数型-股票,159965,央视50ETF国联,央视50,equity_broad,44.275,LOW,name_underlying_issuer_v1,1754,370216.5,False
011319,国泰上证综合ETF联接A,国泰上证综合ETF联接,A,指数型-股票,510140,上证综指ETF华夏,上证综指,equity_broad,43.0,LOW,name_underlying_issuer_v1,11,10452736.0,False
202017,南方深证成份ETF联接A,南方深证成份ETF联接,A,指数型-股票,159943,深证成指ETF大成,深证成指,equity_broad,43.0,LOW,name_underlying_issuer_v1,2679,24200140.0,False
011610,华泰柏瑞上证科创板50成份ETF联接A,华泰柏瑞上证科创板50成份ETF联接,A,指数型-股票,588090,科创50ETF华泰柏瑞,科创50,equity_broad,42.804,LOW,name_underlying_issuer_v1,1375,302444374.5,False
021484,景顺长城上证科创板50成份ETF联接A,景顺长城上证科创板50成份ETF联接,A,指数型-股票,159682,创业板50ETF景顺,创业板50,equity_broad,42.686,LOW,name_underlying_issuer_v1,856,365049835.0,False
007796,博时央创ETF联接A,博时央创ETF联接,A,指数型-股票,515900,央企创新ETF博时,央企创新,equity_thematic,42.423,LOW,name_underlying_issuer_v1,1594,8591823.5,False
022932,工银科创ETF联接Y,工银科创ETF联接,Y,指数型-股票,588050,科创50ETF工银,科创50,equity_broad,42.423,LOW,name_underlying_issuer_v1,1375,469907830.5,False
501302,南方恒指ETF联接(LOF)A,南方恒指ETF联接,A,指数型-股票,513600,恒生指数ETF南方,恒生指数,overseas,42.423,LOW,name_underlying_issuer_v1,2787,113797422.0,False
023741,华泰柏瑞上证科创板综合ETF联接A,华泰柏瑞上证科创板综合ETF联接,A,指数型-股票,589990,科创综指ETF华泰柏瑞,科创综指,equity_broad,42.0,LOW,name_underlying_issuer_v1,334,8924520.5,False
012698,平安中证新能车ETF联接A,平安中证新能车ETF联接,A,指数型-股票,515700,新能源车ETF平安,新能源车,equity_thematic,40.841,LOW,name_underlying_issuer_v1,1563,72829853.0,False
027291,易方达上证综合ETF联接A,易方达上证综合ETF联接,A,指数型-股票,510130,上证中盘ETF易方达,上证中盘,equity_broad,40.139,LOW,name_underlying_issuer_v1,3759,3565848.5,False
257060,国联安上证商品ETF联接A,国联安上证商品ETF联接,A,指数型-股票,510170,大宗商品ETF国联安,大宗商品,commodity,40.139,LOW,name_underlying_issuer_v1,3718,24517865.0,False
023729,易方达上证科创板综合ETF联接A,易方达上证科创板综合ETF联接,A,指数型-股票,589800,科创综指ETF易方达,科创综指,equity_broad,39.5,LOW,name_underlying_issuer_v1,335,150266499.0,False
023735,汇添富上证科创板综合ETF联接A,汇添富上证科创板综合ETF联接,A,指数型-股票,589080,科创综指ETF汇添富,科创综指,equity_broad,39.5,LOW,name_underlying_issuer_v1,334,34171428.0,False
008898,国寿创精选88ETF联接A,国寿创精选88ETF联接,A,指数型-股票,159804,创中盘88ETF国寿,创中盘88,equity_thematic,38.441,LOW,name_underlying_issuer_v1,1527,249785.0,False
006438,博时央调ETF联接A,博时央调ETF联接,A,指数型-股票,512960,央企结构调整ETF博时,央企结构调整,equity_thematic,36.667,LOW,name_underlying_issuer_v1,1816,6889294.5,False
023719,华夏上证科创板综合ETF联接A,华夏上证科创板综合ETF联接,A,指数型-股票,159563,创业板综ETF华夏,创业板综,equity_broad,36.376,LOW,name_underlying_issuer_v1,580,3692331.0,False
023721,天弘上证科创板综合ETF联接A,天弘上证科创板综合ETF联接,A,指数型-股票,589860,科创综指ETF天弘,科创综指,equity_broad,36.376,LOW,name_underlying_issuer_v1,334,33382120.0,False
023727,博时上证科创板综合ETF联接A,博时上证科创板综合ETF联接,A,指数型-股票,589900,科创综指ETF博时,科创综指,equity_broad,36.376,LOW,name_underlying_issuer_v1,334,27871115.0,False
023731,南方上证科创板综合ETF联接A,南方上证科创板综合ETF联接,A,指数型-股票,589660,科创综指ETF南方,科创综指,equity_broad,36.376,LOW,name_underlying_issuer_v1,334,50170734.0,False
023739,招商上证科创板综合ETF联接A,招商上证科创板综合ETF联接,A,指数型-股票,589770,科创综指ETF招商,科创综指,equity_broad,36.376,LOW,name_underlying_issuer_v1,334,20303258.0,False
023743,建信上证科创板综合ETF联接A,建信上证科创板综合ETF联接,A,指数型-股票,589880,科创综指ETF建信,科创综指,equity_broad,36.376,LOW,name_underlying_issuer_v1,337,33673040.5,False
024033,嘉实上证科创板综合ETF联接A,嘉实上证科创板综合ETF联接,A,指数型-股票,589300,科创综指ETF嘉实,科创综指,equity_broad,36.376,LOW,name_underlying_issuer_v1,304,3861463.0,False
014406,富国中证新华社民族品牌工程ETF联接A,富国中证新华社民族品牌工程ETF联接,A,指数型-股票,560820,中证A50ETF新华,中证A50,equity_broad,34.908,LOW,name_underlying_issuer_v1,301,40165.5,False
018315,易方达中证装备产业ETF联接发起式A,易方达中证装备产业ETF联接发起式,A,指数型-股票,510580,中证500ETF易方达,中证500,equity_broad,34.5,LOW,name_underlying_issuer_v1,2594,198055418.5,False
023725,工银上证科创板综合价格ETF联接A,工银上证科创板综合价格ETF联接,A,指数型-股票,589500,科创综指ETF工银,科创综指,equity_broad,33.0,LOW,name_underlying_issuer_v1,336,13154647.0,False
023737,富国上证科创板综合价格ETF联接A,富国上证科创板综合价格ETF联接,A,指数型-股票,589600,科创综指ETF富国,科创综指,equity_broad,33.0,LOW,name_underlying_issuer_v1,332,12493849.5,False
024085,兴业上证科创板综合价格ETF联接A,兴业上证科创板综合价格ETF联接,A,指数型-股票,589050,科创综指ETF兴业,科创综指,equity_broad,33.0,LOW,name_underlying_issuer_v1,221,4957070.0,False
005063,广发中证全指家用电器ETF联接A,广发中证全指家用电器ETF联接,A,指数型-股票,560880,家电ETF广发,家电,equity_thematic,32.608,LOW,name_underlying_issuer_v1,1035,20148899.5,False
008713,国泰中证全指家用电器ETF联接A,国泰中证全指家用电器ETF联接,A,指数型-股票,159996,家电ETF国泰,家电,equity_thematic,32.608,LOW,name_underlying_issuer_v1,1538,73926522.5,False
023723,景顺长城上证科创板综合价格ETF联接A,景顺长城上证科创板综合价格ETF联接,A,指数型-股票,589890,科创综指ETF景顺,科创综指,equity_broad,30.353,LOW,name_underlying_issuer_v1,334,14159054.0,False
202021,南方小康ETF联接A,南方小康ETF联接,A,指数型-股票,159834,金ETF南方,金,equity_thematic,30.0,LOW,name_underlying_issuer_v1,1052,52018183.0,False
012692,博时中债0-3年国开行债券ETF联接A,博时中债0-3年国开行债券ETF联接,A,指数型-固收,159968,中证500ETF博时,中证500,equity_broad,26.235,LOW,name_underlying_issuer_v1,1628,15618880.0,False
009656,华安中债1-5年国开行债券ETF联接A,华安中债1-5年国开行债券ETF联接,A,指数型-固收,513030,德国ETF华安,德国,equity_thematic,24.579,LOW,name_underlying_issuer_v1,2880,77652741.5,False
000055,广发纳斯达克100ETF联接美元(QDII)A,广发纳斯达克100ETF联接美元,A,指数型-海外股票,513300,纳斯达克ETF华夏,纳斯达克,overseas,88.0,MEDIUM,name_underlying_issuer_v1,1382,650302162.0,True
001361,景顺长城中证科技传媒通信150ETF联接A,景顺长城中证科技传媒通信150ETF联接,A,指数型-股票,512980,传媒ETF广发,传媒,equity_thematic,88.0,MEDIUM,name_underlying_issuer_v1,2058,221305786.5,True
005554,南方恒生国企ETF联接A,南方恒生国企ETF联接,A,指数型-股票,510270,国企ETF中银,国企,equity_thematic,88.0,MEDIUM,name_underlying_issuer_v1,3595,3189149.5,True
005813,华安CES港股通ETF联接A,华安CES港股通ETF联接,A,指数型-股票,513990,港股通ETF招商,港股通,overseas,88.0,MEDIUM,name_underlying_issuer_v1,1433,24889395.5,True
005868,平安MSCI中国A股ETF联接A,平安MSCI中国A股ETF联接,A,指数型-股票,512160,MSCI中国A股ETF南方,MSCI中国A股,equity_thematic,88.0,MEDIUM,name_underlying_issuer_v1,1995,2184027.5,True
006196,华夏中证央企ETF联接A,华夏中证央企ETF联接,A,指数型-股票,510060,央企ETF工银,央企,equity_thematic,88.0,MEDIUM,name_underlying_issuer_v1,4063,360721.5,True
006327,易方达中证海外互联网50ETF联接(QDII)A,易方达中证海外互联网50ETF联接,A,指数型-海外股票,517050,互联网ETF华泰柏瑞,互联网,equity_thematic,88.0,MEDIUM,name_underlying_issuer_v1,1316,3200378.0,True
006329,易方达中证海外互联网50ETF联接(QDII)(美元现汇)A,易方达中证海外互联网50ETF联接(美元现汇),A,指数型-海外股票,517050,互联网ETF华泰柏瑞,互联网,equity_thematic,88.0,MEDIUM,name_underlying_issuer_v1,1316,3200378.0,True
006687,方正富邦深证100ETF联接A,方正富邦深证100ETF联接,A,指数型-股票,159901,深证100ETF易方达,深证100,equity_broad,88.0,MEDIUM,name_underlying_issuer_v1,4914,439430465.5,True
006748,富国中证价值ETF联接A,富国中证价值ETF联接,A,指数型-股票,510030,价值ETF华宝,价值,equity_dividend,88.0,MEDIUM,name_underlying_issuer_v1,3908,5263881.0,True
008399,华泰柏瑞中证科技ETF联接A,华泰柏瑞中证科技ETF联接,A,指数型-股票,515000,科技ETF华宝,科技,equity_thematic,88.0,MEDIUM,name_underlying_issuer_v1,1676,174841386.5,True
012503,国泰中证环保产业50ETF联接A,国泰中证环保产业50ETF联接,A,指数型-股票,512580,环保ETF广发,环保,equity_thematic,88.0,MEDIUM,name_underlying_issuer_v1,2269,13105387.5,True
012554,西部利得创业板大盘ETF联接A,西部利得创业板大盘ETF联接,A,指数型-股票,159908,创业板ETF博时,创业板,equity_broad,88.0,MEDIUM,name_underlying_issuer_v1,3548,55048261.5,True
013317,华宝中证科创创业50ETF联接A,华宝中证科创创业50ETF联接,A,指数型-股票,159781,科创创业ETF易方达,科创创业,equity_broad,88.0,MEDIUM,name_underlying_issuer_v1,1221,622745989.0,True
017091,景顺长城纳斯达克科技ETF联接(QDII)A人民币,景顺长城纳斯达克科技ETF联接,A,指数型-海外股票,515000,科技ETF华宝,科技,equity_thematic,88.0,MEDIUM,name_underlying_issuer_v1,1676,174841386.5,True
018905,国泰交通运输ETF联接A,国泰交通运输ETF联接,A,指数型-股票,159666,交通运输ETF华夏,交通运输,equity_thematic,88.0,MEDIUM,name_underlying_issuer_v1,832,18875504.0,True
019259,国泰富时国企红利ETF联接A,国泰富时国企红利ETF联接,A,指数型-股票,510880,红利ETF华泰柏瑞,红利,equity_dividend,88.0,MEDIUM,name_underlying_issuer_v1,4737,654647591.0,True
019365,汇添富中证国新央企股东回报ETF联接A,汇添富中证国新央企股东回报ETF联接,A,指数型-股票,510060,央企ETF工银,央企,equity_thematic,88.0,MEDIUM,name_underlying_issuer_v1,4063,360721.5,True
019408,易方达中证港股通中国100ETF联接发起式A,易方达中证港股通中国100ETF联接发起式,A,指数型-股票,513990,港股通ETF招商,港股通,overseas,88.0,MEDIUM,name_underlying_issuer_v1,1433,24889395.5,True
019592,嘉实中证国新央企现代能源ETF联接A,嘉实中证国新央企现代能源ETF联接,A,指数型-股票,510060,央企ETF工银,央企,equity_thematic,88.0,MEDIUM,name_underlying_issuer_v1,4063,360721.5,True
020115,鹏扬中证国有企业红利ETF联接A,鹏扬中证国有企业红利ETF联接,A,指数型-股票,510880,红利ETF华泰柏瑞,红利,equity_dividend,88.0,MEDIUM,name_underlying_issuer_v1,4737,654647591.0,True
020356,华夏半导体材料设备ETF联接A,华夏半导体材料设备ETF联接,A,指数型-股票,159944,材料ETF广发,材料,equity_thematic,88.0,MEDIUM,name_underlying_issuer_v1,2656,11472380.0,True
021044,国泰香港国企红利ETF联接(QDII)A,国泰香港国企红利ETF联接,A,指数型-海外股票,510880,红利ETF华泰柏瑞,红利,equity_dividend,88.0,MEDIUM,name_underlying_issuer_v1,4737,654647591.0,True
021701,国泰上证国企红利ETF联接A,国泰上证国企红利ETF联接,A,指数型-股票,510880,红利ETF华泰柏瑞,红利,equity_dividend,88.0,MEDIUM,name_underlying_issuer_v1,4737,654647591.0,True
021961,景顺长城中证国新港股通央企红利ETF联接A,景顺长城中证国新港股通央企红利ETF联接,A,指数型-股票,510880,红利ETF华泰柏瑞,红利,equity_dividend,88.0,MEDIUM,name_underlying_issuer_v1,4737,654647591.0,True
022274,国泰港股红利ETF联接A,国泰港股红利ETF联接,A,指数型-股票,510880,红利ETF华泰柏瑞,红利,equity_dividend,88.0,MEDIUM,name_underlying_issuer_v1,4737,654647591.0,True
022797,鹏华中证内地低碳经济主题ETF联接I,鹏华中证内地低碳经济主题ETF联接,I,指数型-股票,516070,低碳ETF易方达,低碳,equity_thematic,88.0,MEDIUM,name_underlying_issuer_v1,1267,7623110.5,True
022887,华宝标普港股通低波红利ETF联接A,华宝标普港股通低波红利ETF联接,A,指数型-股票,510880,红利ETF华泰柏瑞,红利,equity_dividend,88.0,MEDIUM,name_underlying_issuer_v1,4737,654647591.0,True
023389,易方达中证港股通高股息投资ETF联接发起式A,易方达中证港股通高股息投资ETF联接发起式,A,指数型-股票,513990,港股通ETF招商,港股通,overseas,88.0,MEDIUM,name_underlying_issuer_v1,1433,24889395.5,True
023534,永赢中证港股通央企红利ETF联接A,永赢中证港股通央企红利ETF联接,A,指数型-股票,510880,红利ETF华泰柏瑞,红利,equity_dividend,88.0,MEDIUM,name_underlying_issuer_v1,4737,654647591.0,True
023597,景顺长城中证港股通创新药ETF联接A,景顺长城中证港股通创新药ETF联接,A,指数型-股票,159992,创新药ETF银华,创新药,equity_thematic,88.0,MEDIUM,name_underlying_issuer_v1,1520,720570365.0,True
024142,南方深证100ETF联接A,南方深证100ETF联接,A,指数型-股票,159901,深证100ETF易方达,深证100,equity_broad,88.0,MEDIUM,name_underlying_issuer_v1,4914,439430465.5,True
024350,建信上证智选科创板创新价值ETF联接A,建信上证智选科创板创新价值ETF联接,A,指数型-股票,510030,价值ETF华宝,价值,equity_dividend,88.0,MEDIUM,name_underlying_issuer_v1,3908,5263881.0,True
024367,华宝沪深300自由现金流ETF联接A,华宝沪深300自由现金流ETF联接,A,指数型-股票,159912,深300ETF汇添富,深300,equity_broad,88.0,MEDIUM,name_underlying_issuer_v1,3554,1846916.5,True
024371,天弘中证港股通央企红利ETF联接A,天弘中证港股通央企红利ETF联接,A,指数型-股票,510880,红利ETF华泰柏瑞,红利,equity_dividend,88.0,MEDIUM,name_underlying_issuer_v1,4737,654647591.0,True
024543,平安MSCI中国A股国际ETF联接E,平安MSCI中国A股国际ETF联接,E,指数型-股票,512160,MSCI中国A股ETF南方,MSCI中国A股,equity_thematic,88.0,MEDIUM,name_underlying_issuer_v1,1995,2184027.5,True
024578,万家中证800自由现金流ETF联接A,万家中证800自由现金流ETF联接,A,指数型-股票,515810,中证800ETF易方达,中证800,equity_broad,88.0,MEDIUM,name_underlying_issuer_v1,1632,14982237.5,True
024602,方正富邦中证全指自由现金流ETF联接A,方正富邦中证全指自由现金流ETF联接,A,指数型-股票,518680,金ETF富国,金,equity_thematic,88.0,MEDIUM,name_underlying_issuer_v1,1448,150671222.0,True
024622,华泰柏瑞中证全指自由现金流ETF联接A,华泰柏瑞中证全指自由现金流ETF联接,A,指数型-股票,518680,金ETF富国,金,equity_thematic,88.0,MEDIUM,name_underlying_issuer_v1,1448,150671222.0,True
024770,华富中证全指自由现金流ETF联接A,华富中证全指自由现金流ETF联接,A,指数型-股票,518680,金ETF富国,金,equity_thematic,88.0,MEDIUM,name_underlying_issuer_v1,1448,150671222.0,True
024833,博时中证全指自由现金流ETF联接A,博时中证全指自由现金流ETF联接,A,指数型-股票,518680,金ETF富国,金,equity_thematic,88.0,MEDIUM,name_underlying_issuer_v1,1448,150671222.0,True
024902,中银中证全指自由现金流ETF联接A,中银中证全指自由现金流ETF联接,A,指数型-股票,518680,金ETF富国,金,equity_thematic,88.0,MEDIUM,name_underlying_issuer_v1,1448,150671222.0,True
025166,汇添富恒生港股通中国科技ETF联接A,汇添富恒生港股通中国科技ETF联接,A,指数型-股票,159920,恒生ETF华夏,恒生,overseas,88.0,MEDIUM,name_underlying_issuer_v1,3337,359807905.0,True
025315,摩根上证科创板新一代信息技术ETF联接A,摩根上证科创板新一代信息技术ETF联接,A,指数型-股票,159939,信息技术ETF广发,信息技术,equity_thematic,88.0,MEDIUM,name_underlying_issuer_v1,2780,59914576.5,True
025461,西部利得创业板综合ETF联接A,西部利得创业板综合ETF联接,A,指数型-股票,159908,创业板ETF博时,创业板,equity_broad,88.0,MEDIUM,name_underlying_issuer_v1,3548,55048261.5,True
026165,景顺长城恒生港股通50ETF联接A,景顺长城恒生港股通50ETF联接,A,指数型-股票,159920,恒生ETF华夏,恒生,overseas,88.0,MEDIUM,name_underlying_issuer_v1,3337,359807905.0,True
027551,银华标普港股通低波红利ETF联接A,银华标普港股通低波红利ETF联接,A,指数型-股票,510880,红利ETF华泰柏瑞,红利,equity_dividend,88.0,MEDIUM,name_underlying_issuer_v1,4737,654647591.0,True
090012,大成深证成长40ETF联接A,大成深证成长40ETF联接,A,指数型-股票,159259,成长ETF易方达,成长,equity_thematic,88.0,MEDIUM,name_underlying_issuer_v1,213,426409058.0,True
161130,易方达纳斯达克100ETF联接(QDII-LOF)A(人民币),易方达纳斯达克100ETF联接,A,指数型-海外股票,513300,纳斯达克ETF华夏,纳斯达克,overseas,88.0,MEDIUM,name_underlying_issuer_v1,1382,650302162.0,True
270042,广发纳斯达克100ETF联接人民币(QDII)A,广发纳斯达克100ETF联接人民币,A,指数型-海外股票,513300,纳斯达克ETF华夏,纳斯达克,overseas,88.0,MEDIUM,name_underlying_issuer_v1,1382,650302162.0,True
501029,华宝标普中国A股红利机会ETF联接A(LOF),华宝标普中国A股红利机会ETF联接,A,指数型-股票,510880,红利ETF华泰柏瑞,红利,equity_dividend,88.0,MEDIUM,name_underlying_issuer_v1,4737,654647591.0,True
501301,华宝港股通恒生中国(香港上市)30ETF联接(LOF)A,华宝港股通恒生中国(香港上市)30ETF联接,A,指数型-股票,159920,恒生ETF华夏,恒生,overseas,88.0,MEDIUM,name_underlying_issuer_v1,3337,359807905.0,True
519706,交银深证300价值ETF联接,交银深证300价值ETF联接,,指数型-股票,510030,价值ETF华宝,价值,equity_dividend,88.0,MEDIUM,name_underlying_issuer_v1,3908,5263881.0,True
