symbol,name,asset_class,rows_valid,first_date,last_date,median_amount_60d
511990,华宝添益ETF,cash,3226,2013-04-09,2026-07-17,9553739315.0
511660,货币ETF建信,cash,2196,2017-01-03,2026-07-17,658830304.0
159001,货币ETF易方达,cash,2847,2014-10-30,2026-07-17,614429660.5
511700,货币ETF平安,cash,2370,2016-10-17,2026-07-17,72214483.5
511620,货币ETF国泰,cash,1280,2021-04-07,2026-07-17,24992061.5
518880,黄金ETF华安,commodity,3153,2013-07-29,2026-07-17,3149346554.0
512400,有色金属ETF南方,commodity,2152,2017-09-01,2026-07-17,1195297557.0
513350,标普油气ETF富国,commodity,637,2023-11-28,2026-07-17,1053531682.0
159518,标普油气ETF嘉实,commodity,645,2023-11-15,2026-07-17,878222552.0
159934,黄金ETF易方达,commodity,3060,2013-12-16,2026-07-17,820085281.0
159937,黄金ETF博时,commodity,2800,2015-01-08,2026-07-17,700622029.0
518800,黄金ETF国泰,commodity,3153,2013-07-29,2026-07-17,491387485.5
517520,黄金股ETF永赢,commodity,657,2023-11-01,2026-07-17,448825769.5
560860,工业有色ETF万家,commodity,812,2023-03-13,2026-07-17,420275163.0
159980,有色ETF大成,commodity,1590,2019-12-24,2026-07-17,414815924.0
518850,黄金ETF华夏,commodity,1483,2020-06-05,2026-07-17,407027734.5
516650,有色金属ETF华夏,commodity,1231,2021-06-21,2026-07-17,254584175.0
518660,黄金ETF工银,commodity,1488,2020-05-29,2026-07-17,204345887.0
159652,有色ETF汇添富,commodity,835,2023-02-08,2026-07-17,188805668.0
159562,黄金股ETF华夏,commodity,600,2024-01-22,2026-07-17,160853205.5
159876,有色ETF华宝,commodity,1288,2021-03-24,2026-07-17,91241460.0
159871,有色ETF银华,commodity,1284,2021-03-31,2026-07-17,59076264.5
159880,有色ETF鹏华,commodity,1288,2021-03-25,2026-07-17,55669174.5
159309,油气ETF汇添富,commodity,506,2024-06-18,2026-07-17,51739610.5
517400,黄金股ETF国泰,commodity,534,2024-05-08,2026-07-17,42059335.0
159321,黄金股ETF华安,commodity,515,2024-05-27,2026-07-17,36981767.0
159690,有色矿业ETF招商,commodity,734,2023-07-06,2026-07-17,36476203.0
510170,大宗商品ETF国联安,commodity,3718,2011-01-25,2026-07-17,24517865.0
561570,油气ETF华泰柏瑞,commodity,425,2024-10-17,2026-07-17,24492098.0
159812,黄金ETF前海开源,commodity,1488,2020-05-29,2026-07-17,20807280.5
159315,黄金股ETF工银,commodity,508,2024-06-14,2026-07-17,17007466.5
159881,有色金属ETF国泰,commodity,1223,2021-07-01,2026-07-17,14694826.5
561760,油气ETF博时,commodity,538,2024-04-29,2026-07-17,13076538.5
588000,科创50ETF华夏,equity_broad,1375,2020-11-16,2026-07-17,7293953185.5
588200,科创芯片ETF嘉实,equity_broad,904,2022-10-26,2026-07-17,5857412110.0
159915,创业板ETF易方达,equity_broad,3544,2011-12-09,2026-07-17,5797278773.5
510300,沪深300ETF华泰柏瑞,equity_broad,3436,2012-05-28,2026-07-17,4834807463.5
563360,A500ETF华泰柏瑞,equity_broad,428,2024-10-15,2026-07-17,4295737745.0
159338,中证A500ETF国泰,equity_broad,428,2024-10-15,2026-07-17,4263863026.0
510500,中证500ETF南方,equity_broad,3239,2013-03-15,2026-07-17,3822136536.0
159352,A500ETF南方,equity_broad,428,2024-10-15,2026-07-17,3340736944.0
512100,中证1000ETF南方,equity_broad,2355,2016-11-04,2026-07-17,3068626704.5
588170,科创半导体ETF华夏,equity_broad,311,2025-04-08,2026-07-17,2878946506.0
510050,上证50ETF华夏,equity_broad,5201,2005-02-23,2026-07-17,2876115996.5
512050,A500ETF华夏,equity_broad,405,2024-11-15,2026-07-17,2296326451.5
159949,创业板50ETF华安,equity_broad,2424,2016-07-22,2026-07-17,2240017947.0
159845,中证1000ETF华夏,equity_broad,1284,2021-03-31,2026-07-17,2015949261.0
588080,科创50ETF易方达,equity_broad,1375,2020-11-16,2026-07-17,1940059341.5
510310,沪深300ETF易方达,equity_broad,3235,2013-03-25,2026-07-17,1834005135.0
159361,A500ETF易方达,equity_broad,403,2024-11-19,2026-07-17,1789750238.0
159919,沪深300ETF嘉实,equity_broad,3434,2012-05-28,2026-07-17,1752919217.5
159363,创业板人工智能ETF华宝,equity_broad,384,2024-12-16,2026-07-17,1413756143.5
159967,创业板成长ETF华夏,equity_broad,1700,2019-07-15,2026-07-17,941289656.0
510330,沪深300ETF华夏,equity_broad,3278,2013-01-16,2026-07-17,907123265.0
560010,中证1000ETF广发,equity_broad,956,2022-08-04,2026-07-17,745209540.5
159922,中证500ETF嘉实,equity_broad,3241,2013-03-15,2026-07-17,715010873.0
588220,科创100ETF鹏华,equity_broad,684,2023-09-15,2026-07-17,645038920.5
512500,中证500ETF华夏,equity_broad,2660,2015-08-04,2026-07-17,637545160.5
159781,科创创业ETF易方达,equity_broad,1221,2021-07-05,2026-07-17,622745989.0
510210,上证指数ETF富国,equity_broad,3670,2011-03-25,2026-07-17,593920912.5
159633,中证1000ETF易方达,equity_broad,957,2022-08-04,2026-07-17,591153873.5
159351,A500ETF嘉实,equity_broad,428,2024-10-15,2026-07-17,562802662.0
588290,科创芯片ETF华安,equity_broad,904,2022-10-26,2026-07-17,555147306.0
588710,科创半导体设备ETF华泰柏瑞,equity_broad,274,2025-06-04,2026-07-17,535936766.5
563300,中证2000ETF华泰柏瑞,equity_broad,685,2023-09-14,2026-07-17,532415019.0
159381,创业板人工智能ETF华夏,equity_broad,321,2025-03-24,2026-07-17,523266933.0
159952,创业板ETF广发,equity_broad,2212,2017-05-19,2026-07-17,517519077.5
563220,A500ETF富国,equity_broad,428,2024-10-15,2026-07-17,501919429.5
563800,A500ETF广发,equity_broad,404,2024-11-18,2026-07-17,482609539.5
588050,科创50ETF工银,equity_broad,1375,2020-11-16,2026-07-17,469907830.5
159901,深证100ETF易方达,equity_broad,4914,2006-04-24,2026-07-17,439430465.5
588790,科创AIETF博时,equity_broad,367,2025-01-09,2026-07-17,431215316.5
510100,上证50ETF易方达,equity_broad,1643,2019-10-09,2026-07-17,430944221.5
588060,科创50ETF广发,equity_broad,1203,2021-07-29,2026-07-17,425330976.5
588750,科创芯片ETF汇添富,equity_broad,376,2024-12-26,2026-07-17,387007493.5
159387,创业板新能源ETF国泰,equity_broad,270,2025-06-10,2026-07-17,366616714.5
159682,创业板50ETF景顺,equity_broad,856,2023-01-03,2026-07-17,365049835.0
588800,科创100ETF华夏,equity_broad,646,2023-11-16,2026-07-17,332504944.5
588760,科创人工智能ETF广发,equity_broad,357,2025-01-23,2026-07-17,328338244.5
588780,科创芯片设计ETF国联安,equity_broad,376,2024-12-26,2026-07-17,318088210.0
588090,科创50ETF华泰柏瑞,equity_broad,1375,2020-11-16,2026-07-17,302444374.5
159368,创业板新能源ETF华夏,equity_broad,321,2025-03-24,2026-07-17,272188625.5
159783,科创创业50ETF华夏,equity_broad,1221,2021-07-05,2026-07-17,270471034.5
512890,红利低波ETF华泰柏瑞,equity_dividend,1815,2019-01-18,2026-07-17,816994201.5
510880,红利ETF华泰柏瑞,equity_dividend,4737,2007-01-18,2026-07-17,654647591.0
515180,红利ETF易方达,equity_dividend,1592,2019-12-20,2026-07-17,404295002.0
515080,中证红利ETF招商,equity_dividend,1587,2019-12-27,2026-07-17,370342026.0
563020,红利低波ETF易方达,equity_dividend,626,2023-12-14,2026-07-17,280797580.0
515450,红利低波50ETF南方,equity_dividend,1551,2020-02-26,2026-07-17,213206150.0
510720,红利国企ETF国泰,equity_dividend,529,2024-05-15,2026-07-17,166289322.0
512040,价值100ETF富国,equity_dividend,1850,2018-11-29,2026-07-17,157475939.5
159547,红利低波ETF华夏,equity_dividend,586,2024-02-06,2026-07-17,141852838.0
515100,红利低波100ETF景顺,equity_dividend,1465,2020-07-03,2026-07-17,124843743.5
159307,红利低波100ETF博时,equity_dividend,540,2024-04-25,2026-07-17,104292030.0
159207,高股息ETF广发,equity_dividend,310,2025-04-09,2026-07-17,103478348.0
515300,300红利低波ETF嘉实,equity_dividend,1653,2019-09-19,2026-07-17,98676164.0
159209,红利质量ETF招商,equity_dividend,320,2025-03-25,2026-07-17,97702054.0
561580,央企红利ETF华泰柏瑞,equity_dividend,760,2023-05-30,2026-07-17,76391993.5
159758,红利质量ETF华夏,equity_dividend,1102,2021-12-28,2026-07-17,74126177.0
159905,红利ETF工银,equity_dividend,3767,2011-01-11,2026-07-17,42547407.5
159581,红利ETF万家,equity_dividend,567,2024-03-15,2026-07-17,22928127.5
588910,科创价值ETF建信,equity_dividend,312,2025-04-07,2026-07-17,20373190.5
159525,红利低波ETF富国,equity_dividend,526,2024-05-20,2026-07-17,14226335.5
159708,红利ETF西部利得,equity_dividend,1222,2021-07-02,2026-07-17,13230973.5
511880,银华日利ETF,equity_thematic,3219,2013-04-18,2026-07-17,16537708229.5
513310,中韩半导体ETF华泰柏瑞,equity_thematic,863,2022-12-22,2026-07-17,11367484023.5
513090,香港证券ETF易方达,equity_thematic,1530,2020-03-26,2026-07-17,6006170798.0
515880,通信ETF国泰,equity_thematic,1661,2019-09-06,2026-07-17,4901833216.5
159516,半导体设备ETF国泰,equity_thematic,720,2023-07-27,2026-07-17,3472196542.0
512880,证券ETF国泰,equity_thematic,2413,2016-08-08,2026-07-17,2359638591.5
513050,中概互联网ETF易方达,equity_thematic,2293,2017-01-18,2026-07-17,2189522352.5
512480,半导体ETF国联安,equity_thematic,1722,2019-06-12,2026-07-17,2066018970.5
159995,芯片ETF华夏,equity_thematic,1563,2020-02-10,2026-07-17,1495985658.5
159206,卫星ETF永赢,equity_thematic,327,2025-03-14,2026-07-17,1394543150.0
515050,通信ETF华夏,equity_thematic,1639,2019-10-16,2026-07-17,1356720544.5
159326,电网设备ETF华夏,equity_thematic,447,2024-09-09,2026-07-17,1338896762.5
512000,券商ETF华宝,equity_thematic,2386,2016-09-14,2026-07-17,1284141293.0
159530,机器人ETF易方达,equity_thematic,602,2024-01-18,2026-07-17,1130428583.0
562500,机器人ETF华夏,equity_thematic,1101,2021-12-29,2026-07-17,1091395162.0
159558,半导体设备ETF易方达,equity_thematic,506,2024-06-18,2026-07-17,990225394.0
515220,煤炭ETF国泰,equity_thematic,1548,2020-03-02,2026-07-17,887261824.0
159870,化工ETF鹏华,equity_thematic,1304,2021-03-03,2026-07-17,810270054.0
159819,人工智能ETF易方达,equity_thematic,1407,2020-09-23,2026-07-17,803746282.5
512800,银行ETF华宝,equity_thematic,2173,2017-08-03,2026-07-17,789764275.5
159755,电池ETF广发,equity_thematic,1228,2021-06-24,2026-07-17,727428456.5
159992,创新药ETF银华,equity_thematic,1520,2020-04-10,2026-07-17,720570365.0
512690,酒ETF鹏华,equity_thematic,1748,2019-05-06,2026-07-17,702002907.0
512760,芯片ETF国泰,equity_thematic,1722,2019-06-12,2026-07-17,678202889.0
159732,消费电子ETF华夏,equity_thematic,1186,2021-08-23,2026-07-17,580230457.5
512010,医药ETF易方达,equity_thematic,2658,2015-08-04,2026-07-17,579795286.5
159611,电力ETF广发,equity_thematic,1095,2022-01-07,2026-07-17,570729998.5
512170,医疗ETF华宝,equity_thematic,1719,2019-06-17,2026-07-17,568824649.5
512070,证券保险ETF易方达,equity_thematic,2659,2015-08-04,2026-07-17,568412505.0
159813,半导体ETF鹏华,equity_thematic,1492,2020-05-25,2026-07-17,541276148.5
560780,半导体设备ETF广发,equity_thematic,628,2023-12-12,2026-07-17,537616087.5
159583,通信ETF富国,equity_thematic,491,2024-07-08,2026-07-17,525201158.0
159566,储能电池ETF易方达,equity_thematic,587,2024-02-08,2026-07-17,506067843.0
159687,亚太精选ETF南方,equity_thematic,854,2022-12-30,2026-07-17,495316381.0
562590,半导体设备ETF华夏,equity_thematic,667,2023-10-18,2026-07-17,489139600.0
159981,能源化工ETF建信,equity_thematic,1573,2020-01-17,2026-07-17,474936918.5
159869,游戏ETF华夏,equity_thematic,1302,2021-03-05,2026-07-17,461729835.0
513520,日经ETF华夏,equity_thematic,1714,2019-06-25,2026-07-17,459558191.5
562800,稀有金属ETF嘉实,equity_thematic,1163,2021-09-27,2026-07-17,415719856.5
159852,软件ETF嘉实,equity_thematic,1315,2021-02-09,2026-07-17,415513196.0
561980,半导体设备ETF招商,equity_thematic,694,2023-09-01,2026-07-17,413021407.0
159842,券商ETF银华,equity_thematic,1292,2021-03-19,2026-07-17,400283501.5
515120,创新药ETF广发,equity_thematic,1341,2021-01-04,2026-07-17,399718094.0
159201,自由现金流ETF华夏,equity_thematic,338,2025-02-27,2026-07-17,396745341.5
159796,电池ETF汇添富,equity_thematic,1054,2022-03-14,2026-07-17,384640447.0
515980,人工智能ETF华富,equity_thematic,1563,2020-02-10,2026-07-17,382961771.5
512710,军工龙头ETF富国,equity_thematic,1669,2019-08-26,2026-07-17,380175510.0
512660,军工ETF国泰,equity_thematic,2413,2016-08-08,2026-07-17,360814300.5
515790,光伏ETF华泰柏瑞,equity_thematic,1351,2020-12-18,2026-07-17,358346022.0
159801,芯片ETF广发,equity_thematic,1557,2020-02-18,2026-07-17,346936532.0
513120,港股创新药ETF广发,overseas,974,2022-07-12,2026-07-17,4752013550.0
513130,恒生科技ETF华泰柏瑞,overseas,1244,2021-06-01,2026-07-17,3890766674.5
513180,恒生科技ETF华夏,overseas,1249,2021-05-25,2026-07-17,3621018311.0
159570,港股通创新药ETF汇添富,overseas,600,2024-01-22,2026-07-17,2605516075.0
159792,港股通互联网ETF富国,overseas,1162,2021-09-28,2026-07-17,2215223778.0
513330,恒生互联网ETF华夏,overseas,1316,2021-02-08,2026-07-17,2191304712.5
159941,纳指ETF广发,overseas,2676,2015-07-13,2026-07-17,1788211947.5
159740,恒生科技ETF大成,overseas,1247,2021-05-27,2026-07-17,1436650711.5
513010,恒生科技ETF易方达,overseas,1249,2021-05-25,2026-07-17,1235238527.5
159567,港股创新药ETF银华,overseas,607,2024-01-11,2026-07-17,1187054611.0
520500,恒生创新药ETF华泰柏瑞,overseas,375,2024-12-27,2026-07-17,1113534225.5
159509,纳指科技ETF景顺,overseas,712,2023-08-08,2026-07-17,1005192145.0
513100,纳指ETF国泰,overseas,3150,2013-07-31,2026-07-17,900379870.0
513750,港股通非银ETF广发,overseas,639,2023-11-27,2026-07-17,783537305.0
159316,港股通创新药ETF易方达,overseas,319,2025-03-26,2026-07-17,762159896.0
159892,恒生医药ETF华夏,overseas,1152,2021-10-19,2026-07-17,709388651.5
159636,港股通科技30ETF工银,overseas,968,2022-07-20,2026-07-17,660210183.0
513300,纳斯达克ETF华夏,overseas,1382,2020-11-05,2026-07-17,650302162.0
159217,港股通创新药ETF工银,overseas,313,2025-04-03,2026-07-17,640115365.5
513770,港股互联网ETF华宝,overseas,1070,2022-02-18,2026-07-17,580896150.5
513040,港股通互联网ETF易方达,overseas,751,2023-06-12,2026-07-17,567059532.0
513060,恒生医疗ETF博时,overseas,1286,2021-03-29,2026-07-17,567013120.0
513980,港股科技ETF景顺,overseas,1222,2021-07-02,2026-07-17,564045029.0
520980,港股通科技ETF汇添富,overseas,254,2025-07-02,2026-07-17,499452286.5
513160,港股科技ETF银华,overseas,1077,2022-02-09,2026-07-17,432265493.0
513260,恒生科技ETF汇添富,overseas,930,2022-09-13,2026-07-17,400098489.0
159506,港股通创新药医疗ETF富国,overseas,738,2023-07-03,2026-07-17,382555429.5
159659,纳斯达克100ETF招商,overseas,782,2023-04-25,2026-07-17,379811115.0
159632,纳斯达克ETF华安,overseas,958,2022-08-03,2026-07-17,379480505.0
513190,港股通金融ETF华夏,overseas,672,2023-10-11,2026-07-17,378473154.5
513500,标普500ETF博时,overseas,3038,2014-01-15,2026-07-17,368503526.0
513630,港股低波红利ETF摩根,overseas,630,2023-12-08,2026-07-17,364762531.0
159920,恒生ETF华夏,overseas,3337,2012-10-22,2026-07-17,359807905.0
513110,纳指ETF华泰柏瑞,overseas,807,2023-03-20,2026-07-17,329521038.5
513780,港股创新药ETF景顺,overseas,420,2024-10-25,2026-07-17,328285855.5
513650,标普500ETF南方,overseas,796,2023-04-04,2026-07-17,297888677.0
513380,恒生科技ETF广发,overseas,1016,2022-05-12,2026-07-17,271316465.5
520700,港股通创新药ETF万家,overseas,429,2024-10-14,2026-07-17,228918210.0
159691,港股红利ETF工银,overseas,784,2023-04-21,2026-07-17,217033023.0
513910,港股通央企红利ETF华夏,overseas,576,2024-03-04,2026-07-17,215217538.5
159742,恒生科技ETF博时,overseas,1249,2021-05-25,2026-07-17,214327162.0
159502,标普生物科技ETF嘉实,overseas,608,2024-01-10,2026-07-17,213332774.5
513020,港股科技ETF国泰,overseas,1078,2022-02-08,2026-07-17,212646784.0
520600,港股通汽车ETF广发,overseas,374,2024-12-30,2026-07-17,200595241.5
159501,纳指ETF嘉实,overseas,749,2023-06-14,2026-07-17,184329446.5
159323,港股通汽车ETF华夏,overseas,368,2025-01-08,2026-07-17,181629961.0
513690,港股红利ETF博时,overseas,1252,2021-05-20,2026-07-17,178653851.5
159513,纳斯达克100ETF大成,overseas,719,2023-07-28,2026-07-17,178232818.0
513390,纳指100ETF博时,overseas,776,2023-05-08,2026-07-17,168357326.0
513920,港股通央企红利ETF华安,overseas,611,2024-01-05,2026-07-17,166707938.0
