signal_date,execution_date,selected,selected_count
2018-01-05,2018-01-08,159001,1
2018-01-12,2018-01-15,159001,1
2018-01-19,2018-01-22,159001,1
2018-01-26,2018-01-29,159001,1
2018-02-02,2018-02-05,159001,1
2018-02-09,2018-02-12,159001,1
2018-02-14,2018-02-22,159001,1
2018-02-23,2018-02-26,159001,1
2018-03-02,2018-03-05,159001,1
2018-03-09,2018-03-12,159001,1
2018-03-16,2018-03-19,159001,1
2018-03-23,2018-03-26,159001,1
2018-03-30,2018-04-02,159001,1
2018-04-04,2018-04-09,159001,1
2018-04-13,2018-04-16,159001,1
2018-04-20,2018-04-23,159001,1
2018-04-27,2018-05-02,159001,1
2018-05-04,2018-05-07,159001,1
2018-05-11,2018-05-14,159001,1
2018-05-18,2018-05-21,159001,1
2018-05-25,2018-05-28,159001,1
2018-06-01,2018-06-04,159001,1
2018-06-08,2018-06-11,159001,1
2018-06-15,2018-06-19,159001,1
2018-06-22,2018-06-25,159001,1
2018-06-29,2018-07-02,159001,1
2018-07-06,2018-07-09,159001,1
2018-07-13,2018-07-16,159001,1
2018-07-20,2018-07-23,159001,1
2018-07-27,2018-07-30,159001,1
2018-08-03,2018-08-06,159001,1
2018-08-10,2018-08-13,159001,1
2018-08-17,2018-08-20,159001,1
2018-08-24,2018-08-27,159001,1
2018-08-31,2018-09-03,159001,1
2018-09-07,2018-09-10,159001,1
2018-09-14,2018-09-17,159001,1
2018-09-21,2018-09-25,159001,1
2018-09-28,2018-10-08,159001,1
2018-10-12,2018-10-15,159001,1
2018-10-19,2018-10-22,159001,1
2018-10-26,2018-10-29,159001,1
2018-11-02,2018-11-05,159001,1
2018-11-09,2018-11-12,159001,1
2018-11-16,2018-11-19,159001,1
2018-11-23,2018-11-26,159001,1
2018-11-30,2018-12-03,159001,1
2018-12-07,2018-12-10,159001,1
2018-12-14,2018-12-17,159001,1
2018-12-21,2018-12-24,159001,1
2018-12-28,2019-01-02,159001,1
2019-01-04,2019-01-07,159001,1
2019-01-11,2019-01-14,159001,1
2019-01-18,2019-01-21,"511880,159937,159934,518880,512000,512880",6
2019-01-25,2019-01-28,"511880,159934,159937,518800,512000,512880",6
2019-02-01,2019-02-11,"511880,518880,518800,159937,512000,512880,159920,510880,510050",9
2019-02-15,2019-02-18,"511880,518800,159937,518880,512000,512880,159920,510880,510050,513500",10
2019-02-22,2019-02-25,"511880,159937,518800,518880,512000,512880,159920,510880,159901,510310",10
2019-03-01,2019-03-04,"511880,159937,518800,518880,510880,512880,512000,159901,510310,510300",10
2019-03-08,2019-03-11,"511880,159952,159915,512000,512880,159934,159901,518800,159937,510880",10
2019-03-15,2019-03-18,"511880,159901,159920,159922,159952,512880,512000,510880,159937,518800",10
2019-03-22,2019-03-25,"511880,159922,159901,510500,512880,512000,513100,159920,513500,510880",10
2019-03-29,2019-04-01,"511880,159901,510310,510300,512880,512000,513500,513100,159920,510880",10
2019-04-04,2019-04-08,"511880,159905,159901,510310,510300,512000,512880,159920,510880,513100",10
2019-04-12,2019-04-15,"511880,159905,512100,159922,512500,512000,512880,510880,159920,513100",10
2019-04-19,2019-04-22,"511880,159905,512100,159901,512500,159920,510880,512000,512880,513100",10
2019-04-26,2019-04-29,"511880,513100,513500,159905,159901,159920,159952,159915,513050,512000",10
2019-04-30,2019-05-06,"511880,513100,159905,513500,512070,159901,159952,510310,159920,512010",10
2019-05-10,2019-05-13,"511880,513100,159905,512070,513500,159901,510310,512100,512000,159920",10
2019-05-17,2019-05-20,"511880,513100,513500,159905,512070,510310,510050,159901,512800,159920",10
2019-05-24,2019-05-27,"511880,513500,513100,159937,518880,159905,518800,512800,159901,510310",10
2019-05-31,2019-06-03,"511880,159937,518880,518800,159905,513100,513500,512070,159901,510050",10
2019-06-06,2019-06-10,"511880,518880,159937,518800,513500,513100,159905,512800,510050,512070",10
2019-06-14,2019-06-17,"511880,518800,159937,518880,513500,512800,159905,513100,510050,510310",10
2019-06-21,2019-06-24,"511880,159937,518800,518880,512800,510050,159905,513500,513100,510310",10
2019-06-28,2019-07-01,"511880,513500,159937,518880,518800,510050,513100,159905,512800,510310",10
2019-07-05,2019-07-08,"511880,513500,513100,518880,159937,518800,159905,510050,510310,512800",10
2019-07-12,2019-07-15,"511880,513500,513100,518880,159937,518800,159905,510050,512800,510310",10
2019-07-19,2019-07-22,"511880,159937,513500,518800,518880,513100,159905,510050,512800,159920",10
2019-07-26,2019-07-29,"511880,159937,518880,518800,513500,510050,159905,512800,510310,513100",10
2019-08-02,2019-08-05,"511880,159937,518880,159905,159934,513500,510050,159901,510310,513100",10
2019-08-09,2019-08-12,"511880,518880,159937,518800,513500,513100,510050,159905,512800,159901",10
2019-08-16,2019-08-19,"511880,518880,159937,159934,159905,510050,512010,159901,159952,513100",10
2019-08-23,2019-08-26,"511880,518880,159937,518800,159905,512010,513100,513500,510050,159901",10
2019-08-30,2019-09-02,"511880,512010,518880,518800,159934,159905,512660,159901,510330,513100",10
2019-09-06,2019-09-09,"511880,512010,159905,512660,159901,510330,510310,518880,159934,518800",10
2019-09-12,2019-09-16,"511880,518880,159934,518800,512660,159901,513500,159905,159915,159952",10
2019-09-20,2019-09-23,"511880,513500,518880,159934,518800,159901,513100,159915,159952,159905",10
2019-09-27,2019-09-30,"511880,518880,518800,159934,513500,512010,513100,159915,159901,159949",10
2019-09-30,2019-10-08,"511880,518800,518880,159934,513500,512010,513100,159915,159952,159949",10
2019-10-11,2019-10-14,"511880,159934,518880,159937,512010,159905,159901,159949,512800,510050",10
2019-10-18,2019-10-21,"511880,518880,518800,159937,512010,513500,513100,159949,159901,159915",10
2019-10-25,2019-10-28,"511880,518800,518880,159937,512010,159905,159901,159949,513500,159915",10
2019-11-01,2019-11-04,"511880,518880,159937,159934,512010,159905,159901,513500,159952,159949",10
2019-11-08,2019-11-11,"511880,512010,513500,159901,159949,159952,159905,513100,513050,159920",10
2019-11-15,2019-11-18,"511880,513500,513100,512010,159901,510050,159949,159905,513050,159937",10
2019-11-22,2019-11-25,"511880,513100,513500,512010,159949,159901,512800,159952,159905,159934",10
2019-11-29,2019-12-02,"511880,513100,513500,513050,159901,159949,512800,159905,159915,518880",10
2019-12-06,2019-12-09,"511880,513100,513500,513050,159949,159901,159915,512010,159905,159934",10
2019-12-13,2019-12-16,"511880,513100,513050,159949,513500,159901,159915,159905,512800,159920",10
2019-12-20,2019-12-23,"511880,513050,513100,159901,159905,513500,159949,512800,159952,159920",10
2019-12-27,2019-12-30,"511880,513050,513100,513500,159905,159901,159949,512800,159920,159919",10
2020-01-03,2020-01-06,"511880,513100,513500,513050,159901,159949,159905,159919,159920,512800",10
2020-01-10,2020-01-13,"511880,513100,513050,159949,159901,159905,513500,159915,512010,510880",10
2020-01-17,2020-01-20,"511880,513100,159949,159901,513050,159915,159905,512010,513500,512400",10
2020-01-23,2020-02-03,"511880,513100,159949,513500,159915,159952,513050,512400,512010,159937",10
2020-02-07,2020-02-10,"511880,513100,513500,513050,159949,159915,159952,512010,159937,518880",10
2020-02-14,2020-02-17,"511880,513100,513050,159949,159915,513500,159952,159937,518880,159934",10
2020-02-21,2020-02-24,"511880,159937,518800,159934,159949,159915,513050,159952,513100,513500",10
2020-02-28,2020-03-02,"511880,518880,159937,518800,159949,159915,159952,513050,513100,512660",10
2020-03-06,2020-03-09,"511880,159949,159915,159952,513050,512010,518880,159937,518800,513100",10
2020-03-13,2020-03-16,"511880,159949,159915,159952,518880,518800,159937,512660,513050,513100",10
2020-03-20,2020-03-23,"511880,159949,159915,159952,513100,159937,518880,159934,512660,512010",10
2020-03-27,2020-03-30,"511880,159949,512010,518800,518880,159937,159915,159952,513050,513100",10
2020-04-03,2020-04-07,"511880,159949,512010,159937,518800,518880,159915,159952,513050,513100",10
2020-04-10,2020-04-13,"511880,512010,159949,159915,159952,159937,518880,518800,513050,513100",10
2020-04-17,2020-04-20,"511880,159949,518880,518800,159937,512010,159915,159952,513100,513050",10
2020-04-24,2020-04-27,"511880,159937,518880,159934,159949,512010,159915,513100,159952,513050",10
2020-04-30,2020-05-06,"511880,159937,159934,518880,159949,159915,513100,159952,512010,512660",10
2020-05-08,2020-05-11,"511880,159937,518880,518800,159949,512010,159915,159952,513100,512660",10
2020-05-15,2020-05-18,"511880,159937,518880,518800,159949,512010,159915,159952,513050,513100",10
2020-05-22,2020-05-25,"511880,159937,518800,518880,513050,512690,513100,159949,159941,159915",10
2020-05-29,2020-06-01,"511880,518880,518800,159937,512690,512010,513100,159949,159915,159952",10
2020-06-05,2020-06-08,"511880,512690,513050,159941,513100,159949,518880,518800,159934,513500",10
2020-06-12,2020-06-15,"511880,512690,512010,159941,513100,159949,518880,518800,159937,159915",10
2020-06-19,2020-06-22,"511880,512690,518800,518880,159937,512010,159949,159915,159952,513100",10
2020-06-24,2020-06-29,"511880,159949,159915,512690,512010,159952,518800,518880,159934,513100",10
2020-07-03,2020-07-06,"511880,159915,159949,159952,512170,512010,518800,518880,159937,513100",10
2020-07-10,2020-07-13,"159949,511880,159915,159952,512170,512010,513100,518800,159937,159934",10
2020-07-17,2020-07-20,"511880,518800,512170,159937,159934,512010,159949,513100,159915,159952",10
2020-07-24,2020-07-27,"511880,159937,518800,518880,512170,512010,159949,159952,159915,513100",10
2020-07-31,2020-08-03,"511880,518880,518800,159934,512170,512010,159967,159949,159915,159905",10
2020-08-07,2020-08-10,"511880,518880,518800,159934,512010,512170,159949,159967,510210,513500",10
2020-08-14,2020-08-17,"511880,512690,512170,159901,159949,510210,159905,513500,159941,510880",10
2020-08-21,2020-08-24,"511880,512690,513050,159941,510210,159905,159922,159901,513100,510880",10
2020-08-28,2020-08-31,"511880,512690,513050,159941,159901,159949,159905,510310,513100,513500",10
2020-09-04,2020-09-07,"511880,512690,512170,159922,159949,159901,159905,510880,512400,513100",10
2020-09-11,2020-09-14,"511880,512690,159905,510310,510210,512710,159919,510880,512400,518880",10
2020-09-18,2020-09-21,"511880,512690,510880,512710,510210,159905,510310,159922,512400,159934",10
2020-09-25,2020-09-28,"511880,512690,512710,159949,159905,159922,510310,510880,513100,512400",10
2020-09-30,2020-10-09,"511880,512690,512170,159967,159949,159901,159905,513100,159941,518880",10
2020-10-09,2020-10-12,"511880,512690,513050,159949,513100,159967,159905,159901,159941,159934",10
2020-10-16,2020-10-19,"511880,512690,513050,159905,159941,513100,159901,159967,159949,510880",10
2020-10-23,2020-10-26,"511880,512690,513050,513100,159919,159905,510100,510310,159941,513500",10
2020-10-30,2020-11-02,"511880,512690,513050,159919,513100,159905,510100,159901,510880,159941",10
2020-11-06,2020-11-09,"511880,512690,159905,159919,513050,159901,159949,513100,510880,159941",10
2020-11-13,2020-11-16,"511880,512690,159919,159905,159901,510310,510880,513050,512400,513100",10
2020-11-20,2020-11-23,"511880,159905,512690,159919,159901,510310,510880,512400,513050,513100",10
2020-11-27,2020-11-30,"511880,159905,159919,510100,512690,510310,510880,512800,512400,159920",10
2020-12-04,2020-12-07,"511880,159905,159919,510100,159901,512690,512400,512710,510880,159920",10
2020-12-11,2020-12-14,"511880,512690,159919,159905,159901,159967,513050,512400,513500,510880",10
2020-12-18,2020-12-21,"511880,512690,159905,159967,159949,159901,512400,513500,512170,510880",10
2020-12-25,2020-12-28,"511880,512690,159905,159967,159901,159949,513500,512170,512400,159941",10
2020-12-31,2021-01-04,"511880,512690,159905,159967,159901,159919,512170,513500,512400,159920",10
2021-01-08,2021-01-11,"511880,512690,159905,159919,159901,159967,512170,159980,512400,513500",10
2021-01-15,2021-01-18,"511880,512690,512170,159967,159919,159949,159905,159920,512400,159980",10
2021-01-22,2021-01-25,"511880,159967,159949,159920,512690,159919,512170,513500,159941,159905",10
2021-01-29,2021-02-01,"511880,512690,159967,510100,159949,159980,512400,512170,159905,513500",10
2021-02-05,2021-02-08,"511880,512690,159967,159949,510100,159905,512170,159980,159941,513500",10
2021-02-10,2021-02-18,"511880,512690,159967,159949,510100,159905,512010,159980,512400,159941",10
2021-02-19,2021-02-22,"511880,510100,512690,510050,159919,159905,159980,512170,512400,159941",10
2021-02-26,2021-03-01,"511880,159980,159967,159949,510100,159905,512010,512400,512690,159920",10
2021-03-05,2021-03-08,"511880,159980,512400,512690,159967,510100,159919,512800,159920,159905",10
2021-03-12,2021-03-15,"511880,513500,512800,512400,159980,159920,515080,510100,159919,159905",10
2021-03-19,2021-03-22,"511880,515080,513500,515220,512400,512800,159980,159920,515180,159905",10
2021-03-26,2021-03-29,"511880,513500,159980,515080,512800,159920,515180,510880,512400,159941",10
2021-04-02,2021-04-06,"511880,513500,159980,515080,515180,512800,159920,510880,159941,512690",10
2021-04-09,2021-04-12,"511880,513500,159980,515080,515180,510880,159941,512800,515220,513100",10
2021-04-16,2021-04-19,"511880,513500,159980,515080,515180,510880,159941,515220,513100,512800",10
2021-04-23,2021-04-26,"511880,513500,515080,159980,515180,510880,515220,159941,512690,513100",10
2021-04-30,2021-05-06,"511880,513500,515180,515080,159980,510880,515220,159941,512400,512690",10
2021-05-07,2021-05-10,"511880,513500,515080,515180,159980,510880,515220,512400,159941,512690",10
2021-05-14,2021-05-17,"511880,515080,515180,159980,510880,513500,515220,159922,510500,512500",10
2021-05-21,2021-05-24,"511880,515080,513500,515180,159967,159949,159992,159980,515220,159952",10
2021-05-28,2021-05-31,"511880,515080,515180,513500,159967,159949,159922,159980,512010,515220",10
2021-06-04,2021-06-07,"511880,515080,159967,159949,515180,159952,512010,159992,513500,159980",10
2021-06-11,2021-06-15,"511880,159967,515080,159949,510500,515180,512010,159992,513500,159980",10
2021-06-18,2021-06-21,"511880,513500,515080,159967,515220,159949,515180,159952,510880,159941",10
2021-06-25,2021-06-28,"511880,515080,515180,515220,510880,159967,510500,512500,513500,159813",10
2021-07-02,2021-07-05,"511880,515080,515180,513500,159949,159967,159941,513100,159813,159952",10
2021-07-09,2021-07-12,"511880,515080,159949,159967,515180,159922,159813,513500,159801,159941",10
2021-07-16,2021-07-19,"511880,515080,512500,159922,513100,515180,510500,159941,159980,513500",10
2021-07-23,2021-07-26,"511880,513500,515080,513100,159941,512100,515180,159813,512500,159801",10
2021-07-30,2021-08-02,"511880,513500,159813,159801,513100,159941,159980,512400,512100,159967",10
2021-08-06,2021-08-09,"511880,513500,513100,159941,159813,159801,512100,512400,159980,159922",10
2021-08-13,2021-08-16,"511880,513500,513100,159941,515220,512100,159813,512400,159922,512500",10
2021-08-20,2021-08-23,"511880,513500,159941,513100,515220,159813,512100,512400,159922,512500",10
2021-08-27,2021-08-30,"511880,159941,513100,513500,512400,515220,159813,159922,512100,512500",10
2021-09-03,2021-09-06,"511880,159941,513100,513500,515220,515080,159922,512400,512500,510880",10
2021-09-10,2021-09-13,"511880,512400,515220,159922,515080,515180,512500,510500,159941,513500",10
2021-09-17,2021-09-22,"511880,159941,513100,513500,515220,512400,159922,512500,512100,515080",10
2021-09-24,2021-09-27,"511880,510170,159922,512400,512500,515220,510500,159980,513500,159941",10
2021-09-30,2021-10-08,"511880,515220,510170,512660,512400,159922,512500,159980,510500,515080",10
2021-10-08,2021-10-11,"511880,510170,515220,159980,512400,159922,512660,512500,510500,515450",10
2021-10-15,2021-10-18,"511880,159980,510170,515220,512400,159813,513500,159922,510500,512500",10
2021-10-22,2021-10-25,"511880,510170,515220,159980,513500,515450,512400,159941,513100,512660",10
2021-10-29,2021-11-01,"511880,512660,510170,515450,513500,159967,510500,512500,159941,513100",10
2021-11-05,2021-11-08,"511880,159941,513100,513500,512660,159813,159922,510500,512500,510170",10
2021-11-12,2021-11-15,"511880,513500,159941,513100,159813,159801,159967,159949,159922,159937",10
2021-11-19,2021-11-22,"511880,513300,513500,159941,159813,159949,159801,512100,159922,510170",10
2021-11-26,2021-11-29,"511880,513300,159941,513100,159949,159952,512100,510170,515880,512660",10
2021-12-03,2021-12-06,"511880,159949,159952,512100,159813,159995,513300,159941,513100,510170",10
2021-12-10,2021-12-13,"511880,159952,159949,159813,159915,159995,513500,159941,513300,512400",10
2021-12-17,2021-12-20,"511880,515880,159949,159952,512660,159915,513500,159980,159941,513300",10
2021-12-24,2021-12-27,"511880,515050,515880,513500,159941,513300,159980,512100,510100,510500",10
2021-12-31,2022-01-04,"511880,512660,515880,512100,513500,512500,159922,159941,513300,159980",10
2022-01-07,2022-01-10,"511880,515880,515450,515080,513500,512660,515180,512100,159922,510500",10
2022-01-14,2022-01-17,"511880,515880,159980,513500,515050,515080,512100,515450,515180,513300",10
2022-01-21,2022-01-24,"511880,515080,515180,159980,515450,159981,515220,510210,510500,512100",10
2022-01-28,2022-02-07,"511880,159981,159980,515450,515080,515180,515220",7
2022-02-11,2022-02-14,"511880,515450,159981,159980,515220,515080,510880",7
2022-02-18,2022-02-21,"511880,159980,515220,515450,159981,515080,510880,510210,518880,159937",10
2022-02-25,2022-02-28,"511880,159980,515220,159981,515450,512040,159937,518880,515080,512100",10
2022-03-04,2022-03-07,"511880,159980,159981,515220,159937,515450,518880,512040,510880",9
2022-03-11,2022-03-14,"511880,159981,159980,159937,518880,515220,512040,510880,515080",9
2022-03-18,2022-03-21,"511880,159980,159981,518880,159934,515220,512040",7
2022-03-25,2022-03-28,"511880,159980,159981,159934,159937,515220,510880,515080,513500,512040",10
2022-04-01,2022-04-06,"511880,515220,159980,159981,518880,159937,510880,515180,515080",9
2022-04-08,2022-04-11,"511880,159980,515220,518800,518880,159981,510880,515100,515180",9
2022-04-15,2022-04-18,"511880,518800,159937,518880,515220,510880,515100,159981,515080",9
2022-04-22,2022-04-25,"511880,518800,518880,159937,515220,159981,510880,515450",8
2022-04-29,2022-05-05,"511880,518800,518880,159937,515220,159981,515100,510880,515450",9
2022-05-06,2022-05-09,"511880,518880,518800,159937,515220,159981,515100",7
2022-05-13,2022-05-16,"511880,518800,518880,159937,159981,515220,515100",7
2022-05-20,2022-05-23,"511880,159981,515220,518880,518800,159937,515100,510880",8
2022-05-27,2022-05-30,"511880,515220,159981,518880,159934,159937,515100,510880",8
2022-06-02,2022-06-06,"511880,515220,159937,518880,518800,159981,515100,510880",8
2022-06-10,2022-06-13,"511880,515220,159981,510170,510880,515100,515080,159980,159937",9
2022-06-17,2022-06-20,"511880,515220,510170,159981,510880,515100,515080,518880,518800",9
2022-06-24,2022-06-27,"511880,515790,515220,515100,510170,518880,159937",7
2022-07-01,2022-07-04,"511880,515790,515220,510170,512400,510210,510100,510050,510880,515080",10
2022-07-08,2022-07-11,"511880,515790,159755,159871,512400,515080,515180,510880",8
2022-07-15,2022-07-18,"511880,515790,159755",3
2022-07-22,2022-07-25,"511880,515790,159755,515100",4
2022-07-29,2022-08-01,"511880,515790,159845,512100,159755,159881,515080,515180,510880,518880",10
2022-08-05,2022-08-08,"511880,515790,159845,512100,159755,159881,518800,518880",8
2022-08-12,2022-08-15,"511880,515790,159845,512100,515220,159881,159871,512400,510880,515180",10
2022-08-19,2022-08-22,"511880,515790,159845,512100,159755,515080,515180,510880,518880,518800",10
2022-08-26,2022-08-29,"511880,515790,515220,510500,515080,510880,515180,159881,518800,518880",10
2022-09-02,2022-09-05,"511880,512890,515080,515180,515220,515790",6
2022-09-09,2022-09-13,"511880,512890,515080,510880,515220,512660,159937,518880,159934",9
2022-09-16,2022-09-19,"511880,512890,515220,510880,515180",5
2022-09-23,2022-09-26,"511880,515220,512890,510880,515080,518880,518800",7
2022-09-30,2022-10-10,"511880,515220,518800,159937,518880,512890,510880",7
2022-10-14,2022-10-17,"511880,518880,159937,159934,515220,512890,515790,510880,515080",9
2022-10-21,2022-10-24,"511880,515220,512890,510880",4
2022-10-28,2022-10-31,"511880,159937,159934,518880,512660,512710",6
2022-11-04,2022-11-07,"511880,159852,515220,518800,159934,159937",6
2022-11-11,2022-11-14,"511880,518800,159937,159934,515220,159852,510880,515080,159892,513060",10
2022-11-18,2022-11-21,"511880,518800,159937,159934,159852,159892,513060,159992,515080,510500",10
2022-11-25,2022-11-28,"511880,159937,518800,159934,159852,515450,515100,512890,159892,513060",10
2022-12-02,2022-12-05,"511880,159937,518800,159934,159852,515100,515450,159892,513060,515180",10
2022-12-09,2022-12-12,"511880,159980,159892,159937,513060,518800,515100,159792,515450,159852",10
2022-12-16,2022-12-19,"511880,159937,518880,159934,159892,513060,515100,515450,159792,512690",10
2022-12-23,2022-12-26,"511880,159892,513060,159937,159980,518880,159792,159852,515100,513090",10
2022-12-30,2023-01-03,"511880,159980,159937,518880,159892,513060,515100,159792,515450,159852",10
2023-01-06,2023-01-09,"511880,513060,159892,159980,159937,159934,159792,513090,159869,515100",10
2023-01-13,2023-01-16,"159937,159934,511880,518800,159892,159920,513060,512070,513090,159708",10
2023-01-20,2023-01-30,"159934,518800,159937,511880,159920,512070,513060,159892,513090,515450",10
2023-02-03,2023-02-06,"511880,515450,159980,515100,159934,159920,515180,159937,512800,512070",10
2023-02-10,2023-02-13,"511880,515450,515100,159920,512800,159905,512690,513690,159980,513010",10
2023-02-17,2023-02-20,"511880,512690,515100,515450,159905,159869,159920,513690,159980,159937",10
2023-02-24,2023-02-27,"511880,515100,512690,159708,159905,159869,159980,159937,518800,159920",10
2023-03-03,2023-03-06,"511880,515100,512690,515450,159937,518880,518800,159869,159708,510210",10
2023-03-10,2023-03-13,"511880,518880,518800,159937,159852,159869,515450,515100,513690,159708",10
2023-03-17,2023-03-20,"511880,159934,518800,159937,159852,515980,515450,515100,512890,513100",10
2023-03-24,2023-03-27,"511880,159869,515980,515100,515450,518800,159845,159922,159937,159934",10
2023-03-31,2023-04-03,"511880,159869,515980,515100,515450,510210,159922,159845,159934,159937",10
2023-04-07,2023-04-10,"511880,159869,159819,515100,515450,588090,588000,588050,518800,159934",10
2023-04-14,2023-04-17,"511880,515100,515450,510210,159869,515980,512890,510500,159922,518800",10
2023-04-21,2023-04-24,"511880,515450,515100,159869,512890,513300,513100,159941,515980,159937",10
2023-04-28,2023-05-04,"511880,515100,515450,512890,159869,513300,518800,159937,159934,513100",10
2023-05-05,2023-05-08,"511880,515450,515100,510880,159869,159937,518880,518800,513690,513300",10
2023-05-12,2023-05-15,"511880,513300,159941,513100,515450,159869,515100,518800,159937,518880",10
2023-05-19,2023-05-22,"511880,513300,513100,159941,518800,518880,159937,159869,515450,515100",10
2023-05-26,2023-05-29,"511880,513300,513100,159941,159869,518800,518880,159937,159819,515450",10
2023-06-02,2023-06-05,"511880,159869,513300,513100,159941,518800,159934,518880,515880,515450",10
2023-06-09,2023-06-12,"511880,159869,513300,513100,159941,518880,159934,159937,515450,515880",10
2023-06-16,2023-06-19,"511880,159869,513300,159941,513100,515880,515450,515100,512890,159934",10
2023-06-21,2023-06-26,"511880,513300,513100,513500,159869,515880,515450,518880,159934,159937",10
2023-06-30,2023-07-03,"511880,513500,159941,513100,159869,515880,515450,159937,518880,159934",10
2023-07-07,2023-07-10,"511880,513500,159941,513100,513520,515450,159937,518880,159934,515880",10
2023-07-14,2023-07-17,"511880,513100,159941,513300,513520,515450,518880,159934,159937,515880",10
2023-07-21,2023-07-24,"511880,159941,513100,513300,159937,518880,518800,513520,515450,515100",10
2023-07-28,2023-07-31,"511880,159941,513300,513100,513520,515450,159934,518880,159937,515100",10
2023-08-04,2023-08-07,"511880,159941,513500,513100,515100,515880,515450,513520,518800,159937",10
2023-08-11,2023-08-14,"511880,513500,159941,513100,518880,159937,159934,515450,515880,515100",10
2023-08-18,2023-08-21,"511880,159632,513500,159941,159934,518880,518800,515450,515100,159981",10
2023-08-25,2023-08-28,"511880,159937,518880,518800,159981,513500,515450,159632,515100,159941",10
2023-09-01,2023-09-04,"511880,159937,518880,159934,159981,513500,515450,159941,159632,515100",10
2023-09-08,2023-09-11,"511880,159937,518880,518800,513500,159941,159632,159981,515450,515100",10
2023-09-15,2023-09-18,"511880,159937,159934,518880,513500,159981,515450,159941,159632,515300",10
2023-09-22,2023-09-25,"511880,159937,518800,518880,515300,515450,159981,512890,159842,159941",10
2023-09-28,2023-10-09,"511880,515300,512800,515450,510880,159981,159632,159941,513100,518800",10
2023-10-13,2023-10-16,"511880,515300,159632,513100,159941,512800,510880,515450,159842,159934",10
2023-10-20,2023-10-23,"511880,518800,159934,159937,159842,515220,159941,159632,513100,512890",10
2023-10-27,2023-10-30,"511880,159937,518800,518880,159981,159842,515450,515300,159941,159632",10
2023-11-03,2023-11-06,"511880,518880,159937,159934,159632,159981,513100,159941,515220,515450",10
2023-11-10,2023-11-13,"511880,159934,159937,518880,159981,159632,159941,513100,515220,515300",10
2023-11-17,2023-11-20,"511880,159937,518800,159934,159981,159632,159941,513100,515220,512040",10
2023-11-24,2023-11-27,"511880,515220,512040,159632,513100,159941,159937,518800,159934,515120",10
2023-12-01,2023-12-04,"511880,515220,159937,518800,512040,518880,159632,513100,513300,515120",10
2023-12-08,2023-12-11,"511880,159937,515220,518800,518880,159632,159941,513300,159981",9
2023-12-15,2023-12-18,"511880,513100,159632,159941,515220,513520,159937,518880,518800",9
2023-12-22,2023-12-25,"511880,159632,513100,513300,515220,159937,518880,518800,513520",9
2023-12-29,2024-01-02,"511880,159632,513100,159941,518880,159937,518800,513520,515220",9
2024-01-05,2024-01-08,"511880,518880,159934,159937,515220,513500,159632,513100,513520,512890",10
2024-01-12,2024-01-15,"511880,513500,159632,518880,518800,513100,159934,513520,515220,512890",10
2024-01-19,2024-01-22,"511880,513500,159632,513100,513520,159937,159934,518800,515220",9
2024-01-26,2024-01-29,"511880,513500,159632,513100,515220,518800,159937,159934,513520,512890",10
2024-02-02,2024-02-05,"511880,513500,159632,159937,518800,159934,513100,515220,513520,515450",10
2024-02-08,2024-02-19,"511880,513500,159632,513100,159934,518800,159937,515220,515450,510880",10
2024-02-23,2024-02-26,"511880,513500,159632,513100,518880,159934,518800,515220,515300,515450",10
2024-03-01,2024-03-04,"511880,513500,159632,513300,513520,518880,515450,159934,518800,515220",10
2024-03-08,2024-03-11,"511880,513500,513300,159632,515450,159934,159937,518800,513520,515300",10
2024-03-15,2024-03-18,"511880,513500,513300,159937,518800,518880,159632,513520,515450,515300",10
2024-03-22,2024-03-25,"511880,513500,513520,513300,513100,515450,159937,518800,518880,515300",10
2024-03-29,2024-04-01,"511880,513500,513300,513520,513100,518880,518800,159934,515450,515300",10
2024-04-03,2024-04-08,"511880,513300,513100,513520,159941,518800,518880,159934,515300,515450",10
2024-04-12,2024-04-15,"511880,513300,513100,159941,515450,518880,159934,518800,515300,513520",10
2024-04-19,2024-04-22,"511880,510880,515450,515300,518800,518880,518850,512800,515220,513300",10
2024-04-26,2024-04-29,"511880,515300,515450,512040,513690,513650,512800,159980,159611,159937",10
2024-04-30,2024-05-06,"511880,515300,515450,513650,512800,159937,512040,159980,518800,513690",10
2024-05-10,2024-05-13,"511880,159691,512040,515300,513690,515450,159652,159881,513650,159871",10
2024-05-17,2024-05-20,"511880,159691,159937,159934,518880,515300,512800,513650,512040,513690",10
2024-05-24,2024-05-27,"511880,159980,159937,518850,515300,513650,512890,515450,159659,159691",10
2024-05-31,2024-06-03,"511880,512890,515300,159937,159980,518850,515450,512800,513650,159632",10
2024-06-07,2024-06-11,"511880,515300,513650,513110,159937,159659,518880,518850,513050,515450",10
2024-06-14,2024-06-17,"511880,513650,513110,159632,515300,159611,512800,515450,159937,518880",10
2024-06-21,2024-06-24,"511880,513650,513110,513300,515300,518880,159937,159934,515450,512800",10
2024-06-28,2024-07-01,"511880,513650,513500,513300,515300,512800,515450,159611,159980,512890",10
2024-07-05,2024-07-08,"511880,513650,513500,159941,159980,515300,512800,515450,159611,510880",10
2024-07-12,2024-07-15,"511880,513650,513500,513110,515300,512800,513050,159937,518800,518880",10
2024-07-19,2024-07-22,"511880,515300,513650,513500,513110,512800,513310,510100,510050,515450",10
2024-07-26,2024-07-29,"511880,515300,513500,159611,513650,512800,159501,515450,159937,159934",10
2024-08-02,2024-08-05,"511880,159937,159934,518880,512800,515300,513650,513500,159611,513300",10
2024-08-09,2024-08-12,"511880,159611,512800,159937,159934,518880,515300,513650,513500,513300",10
2024-08-16,2024-08-19,"511880,518800,159937,159934,159611,512800,513500,513650,513300,515300",10
2024-08-23,2024-08-26,"511880,512800,518800,159934,159937,513500,513650,513300,515300,513520",10
2024-08-30,2024-09-02,"511880,518800,159937,159934,513650,513500,512800,513520,159509,515300",10
2024-09-06,2024-09-09,"511880,518800,159934,159937,513500,513650,512800,159687,513300,515300",10
2024-09-13,2024-09-18,"511880,159934,518800,159937,513500,513650,513300,513520,512800",9
2024-09-20,2024-09-23,"511880,159934,518800,159937,513650,513500,513120,512070,513520",9
2024-09-27,2024-09-30,"511880,159934,159937,518880,512070,513120,513020,159636,512880,159919",10
2024-09-30,2024-10-08,"511880,159934,518800,159937,512070,513120,159636,512000,513020,159919",10
2024-10-11,2024-10-14,"511880,513090,159934,518800,518880,512070,159636,513980,513020,510100",10
2024-10-18,2024-10-21,"513090,159934,518850,159937,511880,512880,159636,513980,513650,588290",10
2024-10-25,2024-10-28,"518850,159934,518880,513090,511880,159636,512880,513020,513980,563300",10
2024-11-01,2024-11-04,"518800,518880,518850,511880,513090,159636,512070,513020,513980,510500",10
2024-11-08,2024-11-11,"513090,512070,511880,159636,513020,510500,513980,159922,512500,518800",10
2024-11-15,2024-11-18,"511880,513090,588290,513020,588200,159852,159636,513160,159682,515450",10
2024-11-22,2024-11-25,"511880,513090,159636,588200,588290,159852,513020,159682,513160,518850",10
2024-11-29,2024-12-02,"511880,513090,588200,588290,159852,563300,159636,513020,513160,515450",10
2024-12-06,2024-12-09,"511880,513090,512880,513300,513390,159501,588290,588200,510310,515450",10
2024-12-13,2024-12-16,"511880,513090,513500,588200,588290,512880,513650,513300,563300,561580",10
2024-12-20,2024-12-23,"511880,513090,588200,588290,512480,588000,515300,561580,513160,515100",10
2024-12-27,2024-12-30,"511880,588060,588290,588090,159801,159995,561580,513190,513160,515300",10
2025-01-03,2025-01-06,"511880,159937,518660,159934,513500,159941,513390,513090,588290,588200",10
2025-01-10,2025-01-13,"511880,518850,159937,518660,513090,588200,588290,513390,159941,159513",10
2025-01-17,2025-01-20,"511880,159937,518850,159934,513500,513650,159941,513090,512800,515450",10
2025-01-24,2025-01-27,"511880,513650,518850,159934,518800,513500,159941,562500,512800,588290",10
2025-01-27,2025-02-05,"511880,518800,518850,159934,513500,513650,159513,512800,513090,515450",10
2025-02-07,2025-02-10,"511880,513500,513650,513190,518660,518850,518800,515980,159819,588290",10
2025-02-14,2025-02-17,"511880,159636,513190,518660,518850,159920,518800,513050,159869,588290",10
2025-02-21,2025-02-24,"511880,159636,513020,513980,513090,159530,518660,518800,518850,588290",10
2025-02-28,2025-03-03,"511880,513020,159636,513980,512800,588290,588200,518660,518800,518850",10
2025-03-07,2025-03-10,"511880,159636,513020,513980,518800,518850,159937,512800,588200,588290",10
2025-03-14,2025-03-17,"511880,518800,518880,518850,513020,159636,513980,512800,588290,588200",10
2025-03-21,2025-03-24,"511880,518850,518800,518880,513020,159636,513980,588290,588200,512800",10
2025-03-28,2025-03-31,"511880,518850,518800,518880,513020,159636,513980,510500,588200,512100",10
2025-04-03,2025-04-07,"511880,518850,159937,518800,513020,159636,513980,513050,562500,588200",10
2025-04-11,2025-04-14,"511880,518880,518850,159937,159636,513020,513980,561980,588290,588200",10
2025-04-18,2025-04-21,"511880,518880,518850,159937,512800,513020,159636,513980,513050,588290",10
2025-04-25,2025-04-28,"511880,159937,518800,518850,512800,159567,159570,159892,513050,563020",10
2025-04-30,2025-05-06,"511880,159937,518880,518800,159567,159570,159892,588290,588200,513050",10
2025-05-09,2025-05-12,"511880,513690,513630,513190,518800,518850,159937,512800,515450,512890",10
2025-05-16,2025-05-19,"511880,513690,513190,513630,512800,515450,563020,159937,518800,512890",10
2025-05-23,2025-05-26,"511880,513690,513190,512800,513630,515450,518800,518850,159937,515300",10
2025-05-30,2025-06-03,"511880,513690,513630,513190,159937,159934,518660,512800,515450,515300",10
2025-06-06,2025-06-09,"511880,512800,513920,159567,159937,159934,518660,513190,563020,512890",10
2025-06-13,2025-06-16,"511880,518660,159934,518800,513630,159567,513120,512800,563020,512890",10
2025-06-20,2025-06-23,"511880,518660,518850,159934,512800,563020,512890,513190,513690,513630",10
2025-06-27,2025-06-30,"511880,518850,159934,518660,512800,513630,513190,513910,563020,512890",10
2025-07-04,2025-07-07,"511880,513390,159513,159659,563020,518850,159307,159812,159934,512800",10
2025-07-11,2025-07-14,"511880,159307,510210,159892,561580,513630,513910,563020,512800,513090",10
2025-07-18,2025-07-21,"159892,513120,513060,511880,510210,515120,159992,159633,563300,512040",10
2025-07-25,2025-07-28,"513630,159892,510210,513090,513120,511880,159919,510310,512070,512040",10
2025-08-01,2025-08-04,"511880,159570,513120,159892,513090,510210,515120,563300,159633,561580",10
2025-08-08,2025-08-11,"511880,159570,159567,513120,513090,563300,512100,510210,515880,518850",10
2025-08-15,2025-08-18,"511880,159570,513090,159567,159892,515880,510210,512100,560010,560860",10
2025-08-22,2025-08-25,"511880,513090,515880,513750,510210,159570,159567,560860,512400,560010",10
2025-08-29,2025-09-01,"511880,515050,515880,159949,159682,560860,159758,513750,512400,159915",10
2025-09-05,2025-09-08,"511880,515880,513090,513120,159567,159682,159949,159892,159915,560860",10
2025-09-12,2025-09-15,"513090,511880,159691,513750,513120,562800,518800,512400,518850,159682",10
2025-09-19,2025-09-22,"511880,513110,159509,513650,513090,515880,159682,159781,159949,159758",10
2025-09-26,2025-09-29,"513500,513110,513650,511880,159796,159781,159783,510210,515980,512400",10
2025-09-30,2025-10-09,"513110,159659,159501,159796,159781,159783,159566,511880,588200,512400",10
2025-10-10,2025-10-13,"159509,159659,513110,515880,515980,515050,159783,588200,588290,560860",10
2025-10-17,2025-10-20,"515880,511880,515050,159783,159509,159781,518850,159937,159934,159682",10
2025-10-24,2025-10-27,"515880,159509,515980,515050,159783,159781,159682,159501,513100,560860",10
2025-10-31,2025-11-03,"159509,513310,511880,515880,159501,512040,159783,159682,159949,513100",10
2025-11-07,2025-11-10,"511880,159796,159755,159682,159783,513630,159781,516650,159880,561580",10
2025-11-14,2025-11-17,"511880,159796,159755,512040,516650,159880,159690,561580,513920,159682",10
2025-11-21,2025-11-24,"511880,159783,159502,515880,518850,518660,159934,159781,515980,159682",10
2025-11-28,2025-12-01,"511880,518850,518660,159937,159502,159796,515880,159682,159949,159783",10
2025-12-05,2025-12-08,"511880,159783,518850,513310,515880,518800,518660,159502,159781,588290",10
2025-12-12,2025-12-15,"511880,518850,518660,159934,159502,159783,515880,560780,510100,159781",10
2025-12-19,2025-12-22,"511880,159937,518850,518660,510100,562800,159509,515880,512040,159502",10
2025-12-26,2025-12-29,"511880,518850,159937,518660,562800,510100,159870,159502,159509,513500",10
2025-12-31,2026-01-05,"511880,159690,516650,560860,510100,515880,562800,159363,159509,510210",10
2026-01-09,2026-01-12,"511880,159363,560860,515880,516650,159690,159870,510100,588800,512040",10
2026-01-16,2026-01-19,"511880,560860,159690,159881,515880,562800,588800,512040,510500,588220",10
2026-01-23,2026-01-26,"511880,560860,159690,159881,159870,512040,510500,562800,512500,563300",10
2026-01-30,2026-02-02,"511880,159870,515880,512040,159363,159690,159562,560860,159682,510500",10
2026-02-06,2026-02-09,"511880,515880,515050,159682,159363,159915,560860,512040,159690,159880",10
2026-02-13,2026-02-24,"511880,561980,159558,159363,588800,588290,512040,560860,159690,159880",10
2026-02-27,2026-03-02,"511880,159326,513310,159363,563300,159922,512040,159309,560860,159690",10
2026-03-06,2026-03-09,"511880,159326,513310,512040,159309,560860,159690,510500,159922,563300",10
2026-03-13,2026-03-16,"511880,159326,159201,510170,512040,159880,518850,510500,512500,159922",10
2026-03-20,2026-03-23,"511880,513310,515790,512040,159363,510170,513690,159309,561760,510500",10
2026-03-27,2026-03-30,"511880,513310,513350,515790,510170,159309,513690,512040,159363,510880",10
2026-04-03,2026-04-07,"511880,159309,561760,561570,159326,513310,513690,561580,510880,159363",10
2026-04-10,2026-04-13,"511880,159309,561570,561760,159326,515880,513690,159381,159363,561580",10
2026-04-17,2026-04-20,"511880,515880,159309,561760,159326,159967,159381,159363,510170,513690",10
2026-04-24,2026-04-27,"511880,561570,159309,561760,515880,513690,515050,159363,159381,510880",10
2026-04-30,2026-05-06,"511880,561570,159309,561760,515880,515050,510880,513690,159783,159967",10
2026-05-08,2026-05-11,"511880,515880,159309,515050,561570,561760,159783,159967,159781,159207",10
2026-05-15,2026-05-18,"511880,515880,515050,159783,588170,159781,561760,159309,561570,588910",10
2026-05-22,2026-05-25,"511880,515050,515880,159783,159781,159967,159509,513100,159513,561760",10
2026-05-29,2026-06-01,"511880,515050,515880,159967,159781,159783,159501,159509,513100,588910",10
2026-06-05,2026-06-08,"511880,515880,515050,159363,159381,159967,159509,159501,513390,159980",10
2026-06-12,2026-06-15,"511880,515050,515880,588170,159381,159967,159509,159501,159513,159980",10
2026-06-18,2026-06-22,"511880,515050,515880,588170,588710,588200,159509,588910,159501,159513",10
2026-06-26,2026-06-29,"511880,588170,588710,562590,159558,588750,588910,159502,159509,159501",10
2026-07-03,2026-07-06,"511880,560780,159558,588170,588710,588200,159502,588910,159501,159509",10
2026-07-10,2026-07-13,"511880,588170,560780,588710,562590,588290,159501,159509,159502,588910",10
